PDB_code_and_chain,length,prediction,real_sec_structure,num_predicted_h,num_predicted_b,num_predicted_c,num_real_h,num_real_b,num_real_c,num_am_a,num_am_r,num_am_n,num_am_d,num_am_c,num_am_q,num_am_e,num_am_g,num_am_h,num_am_i,num_am_l,num_am_k,num_am_m,num_am_f,num_am_p,num_am_s,num_am_t,num_am_w,num_am_y,num_am_v,protein,q3,q3_h,q3_b,q3_c,mcc_h,mcc_b,mcc_c,mcc,overall_pred,overall_structure_real
tr|M3Y163|M3Y163_MUSPF,849,-----------------------------------------------------------------------------------------------------------------------------------------------------------------------------------------------------------------------------------------------------------------------------------------------------------------------------------------------------------------------hhhhhbhbbcccchccbbhhbbbbbchhchchhbhbhhhb-hbhbhccccchhbbbbbhhhchhhhhhhhhhhhhchhhbhhbcbcccccchcbbbcbccbhhhhhbhhbbcccbbbbbhhhhhhhhhhhhhhhhhhhhhh--ccccccbbbbhhchhhhhhhhhhhhhhchbhhhhbbccccccccbbbbbbbbccccccbbbhbbcccbchbbhhbhhhchhbhhhbhhhccchhbhhhhhhhhbhbbbcccccbbbbhhbbhhhbbchcbbbcbbbcbbccbcccbbchcbb---------------------------cccccccbbcbbbhbcbhcbcbhbbbbhbhhhcccccbbbbhhbhhbhhbccchcbbccchchhhh------------hhhhhhhhhhhhhbhhhbcchhhhhhbhbbccchbhbbbbbccccbbbbbbbbhhhcbbcbccccccchchhhhbhhhhhhhhhhbcbhc,,191,136,121,0,0,0,37,21,11,23,3,22,27,33,13,26,41,21,11,22,17,37,30,9,19,25,-----------------------------------------------------------------------------------------------------------------------------------------------------------------------------------------------------------------------------------------------------------------------------------------------------------------------------------------------------------------------marrhltweslkgprtfsetqlmfpvgcsmrgllvlsvll-gavlgkedfsghqvlrlstadaaqvekvkeledlehlqldfwrgpaqpgspidvrvpfrsiqavkifleahgigyttmiedvqalldeeqeqmfafqara--rssdtfnyatyhtleeiygfmdmlvaehpqlvsklqignsyegrpiyvlkfstggenrpaiwidtgihsrewvtqasgvwfakkitqdygqdstltaildsmdilleivtnpdgfafthsknrmwrktrsltagsscvgvdpnrnwdagfgm---------------------------agassnpcsetyhgkfansevevksivdfvknhgnikafisihsysqlllypygykaeaapdrdel------------dqlaksavtalaslygtkfkygsiikaiyqasgstidwtysqgikysftfelrdtgrygfllpasqivptaqetwlalrtimehtlqhpy,0,0,0,0,0,0,0,0,,
tr|M7AG89|M7AG89_CHEMY,849,----------------------------------------------------------------------------------------------------------------------------------------------------------------------------------------------------------------------------------------------------------------------------------------------------------------------------------------------------------------------------------------------------hchhbhhhhhh-hhhchhbhcchbchbbbbhhhbhchhhhhhhhhhhhhhhhhhcccccccccccbbcbchbhhhhhbhhchcccbbbbbbhbhhhchhhhhhhhhh-h-hchhcchbhhhhhhhhchhhhhhhhhhhhhcchchchbbbcbccccccbbbbbbbbccccbcbbbhbbcccbchbbhhbhhhhbhbhbbbbccccchcbbhhhhchhbhbbbccchcbbbbbhhbhhhbbbhcbcccbbbbbbcbbcccbbcbcbb---------------------------cbcccccbbbbcchccbhcbhbhhhbbhbhbccccccbbbbhhbhbbbbbccccccchcchbhhhh------------hhhhhhhhhbhhhhhhhccchbbbbbbbbbbccbbbbbbbbcbcbbbbbbbbbhchccbhcccchccchchhhhhhhhhhhhhhhccchc,,171,131,117,0,0,0,29,19,20,24,3,18,23,29,7,30,36,18,7,21,16,32,32,8,23,24,----------------------------------------------------------------------------------------------------------------------------------------------------------------------------------------------------------------------------------------------------------------------------------------------------------------------------------------------------------------------------------------------------mkgllvfaall-aaafsketfvgnqvlrifvaneadvekvkeleelqelqldfwrgpggqdvptdvrvpftslqavkiflesngirysiliddlqtlvdeeqtqmic-q-hfmpqsletfnyasyhtldeiynfmdllvaanpnlvskiqignsyegrplyvlkfstggtkrpaiwidtgihsrewvtqasgvwfakkivdsygtdpsltsildnldifleivtnpdgfafthtknrmwrktrsinsgsacigvdpnrnwdagfgg---------------------------sgassnpcsetyrgpyanserevkaivdfvkshgniktfisihsysqlllypygytktrasdyqel------------dniakaavtalsslydtqyrygsiittiyqasggtvdwtynqgikysftfelrdrgrygfllpanqiiptaeetwlalmtimeytrdhpy,0,0,0,0,0,0,0,0,,
sp|P15085|CBPA1_HUMAN,849,----------------------------------------------------------------------------------------------------------------------------------------------------------------------------------------------------------------------------------------------------------------------------------------------------------------------------------------------------------------------------------------------------hhhhbhbhhhb-hbcchcccchhhbbbbbbhhhhhhhhhhhhhhhhchhhbhhccbcccccchbbbbcbchccbbhhbhhbhcccbbbhbhhbhhhhhhhhhhhhhhhhhhb--ccbcbcbbbbhhchhhhhhhhhchhhcchchchbbbccccbcccbbbbbbbbccccccbbbhbbcccbchbbhhbhhhchhbhhhbhhhhchhhhhbhhhhhhbhbbbccchcbbbbbbbhchbhbchcccccbbbcbbccbccccbchcbb---------------------------cbcccccbbcbbbhbcbhcbcbhbbbbhbhhbcccccbbbbhhbhbbhbhccccccccccccchhh------------hhhhhhhhhhhbhbhhhbcbhhbhhhbhbbccchbhbbbbbccccbbbbbbbbhhhcbbhbccchcchhchhhhhhhhhhhhhhhbccbc,,172,130,117,0,0,0,30,16,12,25,2,18,25,29,14,30,37,20,6,23,17,34,29,8,19,25,----------------------------------------------------------------------------------------------------------------------------------------------------------------------------------------------------------------------------------------------------------------------------------------------------------------------------------------------------------------------------------------------------mrgllvlsvll-gavfgkedfvghqvlrisvadeaqvqkvkeledlehlqldfwrgpahpgspidvrvpfpsiqavkifleshgisyetmiedvqslldeeqeqmfafrsra--rstdtfnyatyhtleeiydfldllvaenphlvskiqigntyegrpiyvlkfstggskrpaiwidtgihsrewvtqasgvwfakkitqdygqdaaftaildtldifleivtnpdgfafthstnrmwrktrshtagslcigvdpnrnwdagfgl---------------------------sgassnpcsetyhgkfansevevksivdfvkdhgnikafisihsysqllmypygyktepvpdqdel------------dqlskaavtalaslygtkfnygsiikaiyqasgstidwtysqgikysftfelrdtgrygfllpasqiiptaketwlalltimehtlnhpy,0,0,0,0,0,0,0,0,,
tr|A0A096N0Q6|A0A096N0Q6_PAPAN,849,---------------------------------------------------------------------------------------------------------------------------------------------------------------------------------------------------------------------------------------------------------------------------------------------------------------------------------------------------------------------------------------------------------------------------------------------------------------------------------------------bhhhhhhhhhhhhhhhhhhhhhb--ccbcbcbbbbhhchhhhhhhhhchhhcchbhhhbbbbcccbcccbbbbbbbbccccccbbbhbbcccbchbbhhbhhhchhbhhhbhhhhchhhhhbhhhhhhbhbbbccchccbbbbhbchhhhhchchcccbbbhbbccbccccbchcbb---------------------------cccccccbbcbcbhbcbbcbcbhbbbbhbhhbcccccbbbbhhbhhbhbbccccccccccccchhh------------hhhhhhhhhhhhhbhccbcchhhhhhbhbbccchbhbbbbbccccbbbbbbbbbhcccbbbchchcchhchhhhhhhhhhhhhhhbccbc,,134,100,97,0,0,0,27,12,11,21,2,15,17,22,9,24,26,17,5,18,12,28,26,7,18,14,---------------------------------------------------------------------------------------------------------------------------------------------------------------------------------------------------------------------------------------------------------------------------------------------------------------------------------------------------------------------------------------------------------------------------------------------------------------------------------------------miedvqslldeeqeqmfafrsra--rstdtfnyatyhtleeiydfldllvaenpqlvskiqigntyegrpiyvlkfstggskrpaiwidtgihsrewvtqasgvwfakkitqdygqdaaftaildtmdifleivtnpdgfafthskdrmwrktrshtagslcvgvdpnrnwdagfgl---------------------------agassnpcsqtyhgkfansevevksivdfvkdhgnikafisihsysqlllypygyktepapdqdel------------dqlskaavkalaslygtsfkygsiikaiyqasgstidwtysqgikysftfelrdtgnygfllpasqiiptaretwlalltimehtlnhpy,0,0,0,0,0,0,0,0,,
tr|L8I2A8|L8I2A8_9CETA,849,bhhhbhhhhhhhhhhhchbchhhhhbhhhhhhhhhhhhhhhhhhcchcbbbhbbhccccbcbbcbbcchcbhhhhhhhhhhhhcbbbbhhhbhhbhhhhhhhhhhhhhhbbchccbbbbhhhbchhbhbbhhbbhbbccbbhhhhbbcccbcchchbbbbbbbccccccbbbhbbhccbchbbhhhbhhhchbhhhhhbhbchbbhhhhhhhhhchbbbcccccbbbbbhbhhhhcbbccccccbbbbbbcbccccbbbbbcbcbbccccbbbbcbccccccchhhbhhhhbhbhccchbbbhhhhbhbchbhccccccbcbchhhhhhhhhhhhhhhhhbhchccbbbbbccbbbbbbbcccbbbbbbbhccbcb---hbbbbhhhhcbbbbbc---c-hbbbbchhhhhhhhbhhhhhhhhbhhhhhhhhhhchhbbhhbcccccccchbbbbcbchcchhhhbhhhhhhcbhhbbhhbhhhhhhhhhhhhhhhhhhh--hhbhbcbbbbbhchhhhhhhhhchhhcchbhhhhbbcbbcccccbbbbbbbbccccccbbbhbbcccbchhbhhbhchhhbbhhhbcbhccchchhbhhhhhhbhbbbccchcbhbbhbbchhhbbcbchcbccbchbbcbcbhccbchcbc---------------------------ccccccccbbbbbhbhbhhbcbhhbbbhhhhbccchcbhbbhhbhhbhbbccccccbccchcchhc------------hhhhhhhhhhhhhhhhbbcbcbbbbbbbbbbccbchbbbbbcccbbbbbbbbbhhhcbbhbccchccchchchhbhhhbbbhhhhhhhhh,,341,262,198,0,0,0,50,38,29,42,6,33,49,52,24,57,70,36,14,36,31,81,49,16,40,48,rrtllvcsfilaaalgqmnftgdqvlrilaknekqlsllrdleglkpqkvdfwrgparpslpvdmrvpfselkdikayleshglaynimikdiqvlldeereamaksrrlerstssfsyssyhtleeiytwidtfvtehsdvvsklqighsfenrsilvlkfstggsrrpaiwidsgihsrewithatsvwiakkivseyskdrivtdvlnamdifleivsnpdgfaythsmnrlwrknkstrpgifcigvdlnrnwksgfggngsnnnpcsetyhgpspqsepevaavvdfimshgnvkalisihsysqmlmypyghslepvsnqeelyhlakdavqalyevhgieyiygsisttlyvasgitvdwaydsgikys---fsfelrdtgrygfllp---a-tqiiptaqetchqvlritaadeaevqtvkeledlehlqldfwrgpgqpgspidvrvpfpslqavkvfleahgiryrimiedvqslldeeqeqmfasqsra--rstntfnyatyhtldeiydfmdllvaehpqlvsklqigssyegrpiyvlkfstggsnrpaiwidlgihsrewitqatgvwfakkftedygqdpsftaildsmdifleivtnpdgfafthsqnrlwrktrsvtssslcvgvdanrnwdagfgk---------------------------agassspcsetyhgkyansevevksivdfvkdhgnfkaflsihsysqlllypygyttqsipdktel------------nqvaksavealkslygtsykygsiittiyqasggsidwsynqgikysftfelrdtgrygfllpasqiiptaqetwlgvltimehtlnnly,0,0,0,0,0,0,0,0,,
tr|W6TYR4|W6TYR4_ECHGR,849,-------------------------------------------------------------------------------------------------------------------------------------------------------------------------------------------------------------------------------------------------------------------------------------------------------------------------------------------------------------------------------------------------------------------------------------------------------ccccccccccchbbbbbbcchcbchhbhhbhhhcbhbbbhhbhhhhhhhhhhhhhhhhhbb--cchcbhhhbbhhchhhhhhhhhbhbhcchbbhhbbbcbbcbbcchbbbbbbbccccccbbbhbbcccbchbbhhbhhhchhbhhhbhbcccbbbbhhhhhhhhbhbbbbcchccbbbhbbhhhhhbbbcbcccbbbbbbcbbccccbchcbb---------------------------bbcccccbbcbbbhbcbhhbcbhbbbbhbhhhcccccbbbbhhbhhbhbbcccccccccchchhhh------------hhhhhhhhhhhhhbhhhccchhbbhbbhhbccchchhhhhhcccbbbbbbbbbhhhcbbcbccccccchchhhhbhhhbbhbbccccchc,,139,125,105,0,0,0,22,16,15,20,2,18,20,26,9,27,26,17,6,18,16,33,29,7,22,20,-------------------------------------------------------------------------------------------------------------------------------------------------------------------------------------------------------------------------------------------------------------------------------------------------------------------------------------------------------------------------------------------------------------------------------------------------------mkprgptrpdspidvrvpfsglqatkiflethgiryetmiedvqslldqeqeqmfafrslf--tstesfnyatyhtlqeiydfmdilvaenpqlvskikigdtyesrpiyvlkfstggnnrpaiwidtgihsrewvtqasgvwfakkitqdyghdevltsvlntmdifleivtnpdgfaytqstnrlwrktrshgtgsicvgvdpnrnwdagfgl---------------------------tgassnpcsetyhgsfansevevksivdfvknhgnikafisihsysqlllypygykeepasdqkel------------dqlaqsavtalaslygtkykygsiikaiyqasgssidwaynqgikysftfelrdtgrygfllpasqivptaqetwlglrvimdythrnpy,0,0,0,0,0,0,0,0,,
tr|L5LE21|L5LE21_MYODS,849,----------------------------------------------------------------------------------------------------------------------------------------------------------------------------------------------------------------------------------------------------------------------------------------------------------------------------------------------------------------------------------------------------hbhhbhbhhhh-hhhbhcccchhhbbbbbbhhchhhhhhhhhhhhhchhhbhhbcbcccccchcbbbcbchccbbhhbhhbhcccbbbbhhhbhhhhhhhhhhhhhhhhhhh--ccbcbchhbbhhchhhhhhhhhhhhhhchbhhhhbbchbcccccbbbbbbbbccccccbbbhbbcccbchhhhhhhhhcbhbhhhbhbhccchbhhbhhhchhbhbbbccchcbbbbhbbbhhhbbchcbbbcbbbcbbccbcccbbchcbc---------------------------cccccccbbcbbbhbcbbcchbhhbbbhbhhccccccbbbbhhbhhbbbbcccccccchchhhhhh------------hhhhhhhhhhhhhbhhhbcchhbhhbbhbbcccbbbbbbbbcccbbbbbbbbbbhhcbbcbccccccchchhhhbhhhhhhhhhhbcbhc,,177,132,110,0,0,0,34,14,12,24,2,21,24,31,12,28,36,23,7,22,17,29,31,8,20,24,----------------------------------------------------------------------------------------------------------------------------------------------------------------------------------------------------------------------------------------------------------------------------------------------------------------------------------------------------------------------------------------------------mqgllifslll-gavlgkedfvghqvlrisvadeaqvqkvteledlehlqldfwrgpaqpgspvdvrvpfpslqavkvflethgieytimiedvqslldeeeeqmfafqara--astdtfnyatyhtldeiygfmdmlvaehpqlvsklqigktyegrpiyvlkfstggnnrpaiwidtgihsrewvtqasgiwfakkitqdygqnpaftaildkmdifleivtnpdgfafthsknrlwrktrsitagsscvgvdpnrnwdagfgk---------------------------agassnpcsetyhgkfansetevksivdfvkshgnikafisihsysqlllypygyttdpakdqael------------delaksavtalaslygtkfkygsiikaiyrasggtidwtynqgikysytfelrdtgrygfllpasqivptaqetwlalqtimdhtlkhpy,0,0,0,0,0,0,0,0,,
tr|S7PG22|S7PG22_MYOBR,849,----------------------------------------------------------------------------------------------------------------------------------------------------------------------------------------------------------------------------------------------------------------------------------------------------------------------------------------------------------------------------------------------------hbhhbhbhhhh-hhhbhcccchhhbbbbbbhhchhhhhhhhhhhhhchhhbhhbcbcccccchcbbbcbchcchhhhbhhhhhccbbbbhhhbhhhhhhhhhhhhhhhhhhh--ccbcbchhbbhhchhhhhhhhhbhhbbchhhhhhbbcbbcccccbbbbbbbbccccccbbbhbbcccbchhhhhhhhhcbhbhhhbhbhccchbhhbhhhchhbhbbbccchcbbbbhbbbhhhbbchcbbbcbbbcbbccbcccbbchcbc---------------------------cccccccbbcbbbhbcbbcchbhhbbbhbhhccccccbbbbhhbhhbbbbcccccccchchhhhhh------------hhhhhhhhhhhhhbhhhbcchhbhhbbhbbcccbbbbbbbbcccbbbbbbbbbbhhcbbcbccccccchchhhhbhhhhhhhhhhbcbhc,,178,132,109,0,0,0,35,14,13,24,2,20,23,31,12,28,37,23,7,22,17,29,30,8,20,24,----------------------------------------------------------------------------------------------------------------------------------------------------------------------------------------------------------------------------------------------------------------------------------------------------------------------------------------------------------------------------------------------------mqgllifslll-gavlgkedfvghqvlrisvadeaqvqkvteledlehlqldfwrgpaqpgspvdvrvpfpslqavkvfleahgikytimiedvqslldeeeeqmfafqara--astdtfnyatyhtldeiygfmdmlvaehpnlvsklqigktyegrpiyvlkfstggnnrpaiwidtgihsrewvtqasgiwfakkitqdygqnpaftaildkmdifleivtnpdgfafthsknrlwrktrsitagsscvgvdpnrnwdagfgk---------------------------agassnpcsetyhgkfansetevksivdfvkshgnikafisihsysqlllypygyttdpaqdqael------------delaksavtalaslygtkfkygsiikaiyrasggtidwtynqgikysytfelrdtgrygfllpasqivptaqetwlalltimdhtlkhpy,0,0,0,0,0,0,0,0,,
tr|L9JBV7|L9JBV7_TUPCH,849,----------------------------------------------------------------------------------------------------------------------------------------------------------------------------------------------------------------------------------------------------------------------------------------------------------------------------------------------------------------------------------------------------hhhhhhhhhhh-hhhbhbccchhhbhbbchhhhhhhhhhhhhhhhhchhbbhhccccccccchbbbbbbcchcbchhbhhbhhhcbhbbbhhbhhhhhhhhhhhhhhhhhbb--cchcbhhhbbhhchhhhhhhhhbhbhcchbbhhbbbcbbcbbcchbbbbbbbccccccbbbhbbcccbchbbhhbhhhchhbhhhbhbcccbbbbhhhhhhhhbhbbbbcchccbbbhbbhhhhhbbbcbcccbbbbbbcbbccccbchcbb---------------------------bbcccccbbcbbbhbcbhhbcbhbbbbhbhhhcccccbbbbhhbhhbhbbcccccccccchchhhh------------hhhhhhhhhhhhhbhhhccchhbbhbbhhbccchchhhhhhcccbbbbbbbbbhhhcbbcbccccccchchhhhbhhhbbhbbccccchc,,179,132,108,0,0,0,26,18,15,24,2,22,26,29,12,29,37,18,6,20,15,35,29,8,22,26,----------------------------------------------------------------------------------------------------------------------------------------------------------------------------------------------------------------------------------------------------------------------------------------------------------------------------------------------------------------------------------------------------mrellilsvll-gavlghedfvghqvlrisaadeaqvqkvkeledlehlqldfwrgptrpdspidvrvpfsglqatkiflethgiryetmiedvqslldqeqeqmfafrslf--tstesfnyatyhtlqeiydfmdilvaenpqlvskikigdtyesrpiyvlkfstggnnrpaiwidtgihsrewvtqasgvwfakkitqdyghdevltsvlntmdifleivtnpdgfaytqstnrlwrktrshgtgsicvgvdpnrnwdagfgl---------------------------tgassnpcsetyhgsfansevevksivdfvknhgnikafisihsysqlllypygykeepasdqkel------------dqlaqsavtalaslygtkykygsiikaiyqasgssidwaynqgikysftfelrdtgrygfllpasqivptaqetwlglrvimdythrnpy,0,0,0,0,0,0,0,0,,
tr|E2RJL0|E2RJL0_CANLF,849,----------------------------------------------------------------------------------------------------------------------------------------------------------------------------------------------------------------------------------------------------------------------------------------------------------------------------------------------------------------------------------------------------hhhhhhhhhhh-hhhbhcccchhbbbbbcbhhbhhhhhhhhhhhhhhhhhbhhbcccccccchbbbbbbchcchhhhbhhbhcccbbbbbbhbhhhhhhhhhhhhhhhhhhb--ccbcccbbbbhhchhhhhhhhhbhhhhchbhhhhbbcbbcccccbbbbbbbbccccccbbbhbbcccbchbbhhbhhhchhbhhhbhhhccchhbhbhhhhhhbhbbbccchcbbbbhhbbhhhbbbhcccccccbbbbccbccccbcbcbb---------------------------cccccccbbcbbbhbcbhcbcbhbbbbhbhhccccccbbbbhhbhhbhhbccchcbbhcchchhhh------------hhhhhhhhhhhhhbhhhbcbhbbbhbbhbbcccbbcbbbbbcbccbbbbbbbbhhhcbbhbccchccchchhhhbhhhhhhhhhhbccbc,,176,135,108,0,0,0,32,16,9,22,2,21,24,32,12,25,41,22,6,20,17,35,28,9,19,27,----------------------------------------------------------------------------------------------------------------------------------------------------------------------------------------------------------------------------------------------------------------------------------------------------------------------------------------------------------------------------------------------------mrgllllsvll-gavlgkedfvghqvlrisavdeaqvqkvkeledlehlkldfwrgpgrpgspidvrvplpssqavkvfleahgigytvmiedvqslldeeqeqmfafqawa--rstdtfnyatyhtleeiygfldllvaehpqlvsklqigssyegrpiyvlkfstggskrpaiwidtgihsrewvtqasgvwfakkitqdygqdstltaildsmdifleivtnpdgfafthsknrmwrktrsltpgsacvgvdpnrnwdtgfgl---------------------------agassnpcsetyhgkfansevevksivdfvkshgnikafisihsysqlllypygykaeaapdqqel------------dqlakaavtalaslygtkfkygsiiktiyqasgstvdwtysqgikysftfelrdtgrygfllpasqiiptaqetwlalrtimehtlnhpy,0,0,0,0,0,0,0,0,,
tr|A0A093PIN1|A0A093PIN1_PYGAD,849,----------------------------------------------------------------------------------------------------------------------------------------------------------------------------------------------------------------------------------------------------------------------------------------------------------------------------------------------------------------------------------------------------cccchhhbhhh-hhhhhhbbhhbhbbbbbbhhhhhhhhhhhhhhhhhhhbbbhbbbccchcchccbbcbchcccbhhbhbchcbcbbbbbhhbhhhhhhhchhhbhhh--bbhbcbbcbbchhhhbcchchhhchhbccbcchhbhhbhbhhbbcchchbbbbbbbccccccbbbhbbhcchchhbhhbbcbbchhhhhhhhhccchchbbhbhbhhbhbbbbccccbbbbbbbhchhbbbhcbccccbbbbbccbccccbcbcbb---------------------------bccccccbbbbcbhccbccchchhbbbhbhhhcccccbbbbhbbhbbbbbcccccbbbbcbcchhh------------hhhhhhhhhbhhhbhcbccbcbbbbbbbbbbccbbbbbbbbcccbbbbbbbbbhhhchhbbccccbcchhhhhhbhhhhhhhbhbccchc,,150,156,113,0,0,0,29,17,16,23,3,18,23,26,11,31,30,20,8,19,22,39,29,9,21,25,----------------------------------------------------------------------------------------------------------------------------------------------------------------------------------------------------------------------------------------------------------------------------------------------------------------------------------------------------------------------------------------------------mkilpvfaalv-aaacseqlfvgdqvlritasdeeqitllrvlgeqaelqvdfwrhptspgqpadlrvpfpslqavkiflesnsisysimiedvqelldeekktmtks--rrverststfdfasyhtideiyywmdmlvddhpslvskiqigqsyenrplyvlkfstggsnrsaiwldtgihsrewitqatgiwtankiakeygqdpsvtaildsmdiffeivtnpdgfafthssnrmwrktrsinpsshcvgvdpnrnwdagfgg---------------------------pgasgnpcsetyhgpyansepevkaivdfvknhgnikafvsihsysqllfypygytstpvpdqkel------------dqiskkavaalsslygtnykygsiittiyqasggtidwtynqgikysftfelrdtgrygfllpakeivptaqetwlalkvimlharnhpy,0,0,0,0,0,0,0,0,,
sp|P00731|CBPA1_RAT,849,----------------------------------------------------------------------------------------------------------------------------------------------------------------------------------------------------------------------------------------------------------------------------------------------------------------------------------------------------------------------------------------------------hhhhhhhhhhh-hhhbccccbhbbbhbbchhhhhhhhhhhhhhhhhchhhhhhhhhhhhcccbbbbbcbcbccbhhhbhhbhhhcbhbbhhhhhhbhhhhhhhhhhhhhhhh--cchcbcbcbbhhchhhhhhhhhhhhhcchbhhhbbbccccccccbbbbbbbbccccccbbbhbbcccbchbbhhbhhhchhbhhhbcbbccchcbbbhhhchhbhbbbbcchcbcbbbhbhhhbhbchchcccbbbbbbccbcccbbchcbb---------------------------cccccccbbhbbbbcccccbcbbbbbbhbbbcccccbbhbbhhbhhbbbbcccccccccchchhhh------------hhhhhhhhhbhbhbhhhbcbcbbbhbbhbbbcchbhbbbbbccccbbbbbbbbhhhhhhhhchchccchchbhhbhhhbhcbhhcccbbc,,174,134,111,0,0,0,31,16,13,25,3,20,25,26,14,30,38,20,8,21,17,32,31,8,17,24,----------------------------------------------------------------------------------------------------------------------------------------------------------------------------------------------------------------------------------------------------------------------------------------------------------------------------------------------------------------------------------------------------mkrllilslll-eavcgnenfvghqvlrisaadeaqvqkvkeledlehlqldfwrdaaragipidvrvpfpsiqsvkafleyhgisyeimiedvqllldeekqqmsafqara--lstdsfnyatyhtldeiyefmdllvaehpqlvskiqigntfegrpihvlkfstggtnrpaiwidtgihsrewvtqasgvwfakkitkdygqdptftavldnmdifleivtnpdgfaythktnrmwrktrshtqgslcvgvdpnrnwdagfgm---------------------------agassnpcsetyrgkfpnsevevksivdfvtshgnikafisihsysqlllypygytsepapdqael------------dqlaksavtaltslhgtkfkygsiidtiyqasgstidwtysqgikysftfelrdtglrgfllpasqiiptaeetwlalltimdhtvkhpy,0,0,0,0,0,0,0,0,,
1arl_A;,849,-------------------------------------------------------------------------------------------------------------------------------------------------------------------------------------------------------------------------------------------------------------------------------------------------------------------------------------------------------------------------------------------------------------------------------------------------------------------------------------------------------------------b--ccbcbcbbbbbhchhhhhhhhhchhhcchbhhhhhbhbbbccccbbbbbbbbccccccbbbhbbcccbchhbhhbhchhhbbhhhbcbhccchchhbhhhhhhbhbbbccchcbhbbhbbchhhbbcbchcbccbchbbcbcbhccbchcbc---------------------------ccccccccbbbbbhbhbhhbcbhhbbbhhhhbccchcbhbbhhbhhbhbbccccccbccchcchhc------------hhhhhhhhhhhhhbhcbbcbcbbbbbbbbbbccbchbbbbbcccbbbbbbbbbhhhcbbhbccchccchchchhbhhhbbbhbhhhhh--,,106,112,89,0,0,0,21,11,13,16,2,12,13,23,8,21,23,15,3,16,10,32,26,7,19,16,-------------------------------------------------------------------------------------------------------------------------------------------------------------------------------------------------------------------------------------------------------------------------------------------------------------------------------------------------------------------------------------------------------------------------------------------------------------------------------------------------------------------a--rstntfnyatyhtldeiydfmdllvaehpqlvsklqigrsyegrpiyvlkfstggsnrpaiwidlgihsrewitqatgvwfakkftedygqdpsftaildsmdifleivtnpdgfafthsqnrlwrktrsvtssslcvgvdanrnwdagfgk---------------------------agassspcsetyhgkyansevevksivdfvkdhgnfkaflsihsysqlllypygyttqsipdktel------------nqvaksavaalkslygtsykygsiittiyqasggsidwsynqgikysftfelrdtgrygfllpasqiiptaqetwlgvltimehtvnn--,0,0,0,0,0,0,0,0,,
tr|F6WX16|F6WX16_CALJA,849,----------------------------------------------------------------------------------------------------------------------------------------------------------------------------------------------------------------------------------------------------------------------------------------------------------------------------------------------------------------------------------------------------hhhhbhhhhhb-hhbchcccchhbbbbbcbhchhhhhhhhhhhhhhchhhbhhbcbcccccchbbbbcbchccbbhhbhhchcccbhbbhhhbhhhhhhhhhhhhhhhhccc--ccccccbbbbhhchhhhchhhhbhbhcchchchbbbccccbcccbbbbbbbbccccccbbbhbbcccbchbbhhbhhhchhbhhhbhhhhchhhhhbhhhhhhbhbbbccchcbbbbhhbbhhhbbbhchbbcbbbbbbccbccccbchcbb---------------------------cccccccbbcbbbhbcbhcbcbhbbbbhbhhbcccccbbbbhbbhbbbbbbcccccccccccchhh------------hbchhhhhbhhhhbhhhbcchhhhhhbhbbccchbhbbbbbccccbbbbbbbbhhhcbbhbccchccchchhhhhhhhbbbhhhhhhhhh,,169,133,117,0,0,0,30,15,11,25,2,20,24,30,13,30,37,20,5,23,17,33,30,8,20,26,----------------------------------------------------------------------------------------------------------------------------------------------------------------------------------------------------------------------------------------------------------------------------------------------------------------------------------------------------------------------------------------------------mrgllvlsvll-gaafgredfvghqvlrisatdeaqvqkvkeledlehlqldfwrgpaypgspidvrvpfpsiqavkvfleshgisyeimiedvqslldeeqaqmfafhsqp--rstdtfnyatyhtleeiydfvdllvaenphlvskiqigntyegrpiyvlkfstggskrpaiwidtgihsrewvtqasgvwfakkitqdygqdaaftaildtmdifleivtnpdgfafthsknrmwrktrslttgslcvgvdpnrnwdagfgl---------------------------agassnpcsetyhgkfansevevksivdfvkdhgnikafisihsysqlvlypygyktepapdqdel------------dqlskatvtalaslygtkfkygsiikaiyqasgstidwtysqgikysftfelrdtgrygfllpasqiiptaqetwlglltiiehtlnhly,0,0,0,0,0,0,0,0,,
tr|A0A0D9RBK3|A0A0D9RBK3_CHLSB,849,----------------------------------------------------------------------------------------------------------------------------------------------------------------------------------------------------------------------------------------------------------------------------------------------------------------------------------------------------------------------------------------------------hhhhbhbhhhb-hchchccbbhhhbhbbchhhhhhhhhhhhhhhhhchhhbhhccbcccccchbbbbcbchccbbhhbhhbhcccbbbbbhhbhhhhhhhhhhhhhhhhhhb--ccbcbcbbbbhhchhhhhhhhhchhhcchbhhhbbbbcccbcccbbbbbbbbccccccbbbhbbcccbchbbhhbhhhchhbhhhbhhhhchhhhhbhhhhhhbhbbbccchccbbbbhbchhhbhchchhccbbbhbbccbccccbchcbb---------------------------cccccccbbcbcbhbcbbcbcbhbbbbhbhhbcccccbbbbhhbhhbhbbccccccccccccchhh------------hhhhhhhhhhhhhbhccbcchhhhhhbhbbccchbhbbbbbccccbbbbbbbbbhcccbbbchchccchchhhhhhhhhhhhhhhbccbc,,176,125,118,0,0,0,33,16,11,26,2,21,24,29,11,29,37,21,6,23,17,35,27,8,19,24,----------------------------------------------------------------------------------------------------------------------------------------------------------------------------------------------------------------------------------------------------------------------------------------------------------------------------------------------------------------------------------------------------mrgllvlsvll-gavfgkeefvghqvlrisaadeaqvqkvkeledlehlqldfwrgpahpgspidvrvpfpsiqavkiflessgisydtmiedvqslldeeqeqmfafrsra--rstdtfnyatyhtleeiydfldllvaenpqlvskiqigntyegrpiyvlkfstggskrpaiwidtgihsrewvtqasgvwfakkitqdygqdaaftaildtmdifleivtnpdgfafthskdrmwrktrsrtagslcvgvdpnrnwdagfgl---------------------------agassnpcsqtyhgkfansevevksivdfvkdhgnikafisihsysqlllypygyktepapdqdel------------dqlskaavkalaslygtsfkygsiikaiyqasgstidwtysqgikysftfelrdtgnygfllpasqiiptaqetwlalltimehtlnhpy,0,0,0,0,0,0,0,0,,
tr|H0XGP7|H0XGP7_OTOGA,849,----------------------------------------------------------------------------------------------------------------------------------------------------------------------------------------------------------------------------------------------------------------------------------------------------------------------------------------------------------------------------------------------------hhhhhhhhbhb-hchchcccchhhbhbbhhhhhhhhhhhhhhhhhhchhbbhhbcccccccchcbbbcbccbhhhhhbhhhhcbcbhhhhhhhhhbhhhhhhhhhhhhhhhbcbcccchchhhbhhhhhhhhhhhbbhhcbchbbhhbbbcbbccbhccbbbbbbbccccccbcbhbbcccbchbbhhbhhhchhbhhhbhbhcccbhbbchhhhhhbhbbbccchcbbbbhhbbhhhbbbbcccccbbbbbbccbcccbbchcbb---------------------------cccccccbbbbcbhbbbbhbcbbbbbbhbhhhhcbhbbbbbhhbhhbhbbcccccccccchchhhh------------hhhhhhhhhhhhhbhhhbcbhbbbhbbhbbcccbbhbbbbbccccbbbbbbbbhhhcbbhbccchccchchhhhhhhhhhhhhhhbccbc,,181,134,106,0,0,0,32,13,9,27,2,19,24,26,14,28,39,24,8,22,17,31,35,8,17,26,----------------------------------------------------------------------------------------------------------------------------------------------------------------------------------------------------------------------------------------------------------------------------------------------------------------------------------------------------------------------------------------------------mqallvlsill-gavfgkedfvghqvlrisaaheahvqkvkeledlehlqldfwrgptqpgspidvrvpflslqavkvfleahdisyetmiedvqllldeeqeqmvaaqtralplstdtfnyaayhtldeiykfmdtlvaehpdlvskinigktfegrdifvlkfstgvtdrpaiwidtgihsrewvtqasgvwfakkitqdygqdstftkildtmdifleivtnpdgfafthsknrmwrktrsttpgslcvgvdpnrnwdagfgm---------------------------agassnpcsdtyhgksansevevksivdfvtkhgkikafisihsysqlllypygyktepapdqael------------delskaavtalaslygtkfkygsiiktiyqasgstidwtysqgikysftfelrdtgrygfllpasqiiptaqetwlalltimehtlnhpy,0,0,0,0,0,0,0,0,,
tr|H0YUK5|H0YUK5_TAEGU,849,----------------------------------------------------------------------------------------------------------------------------------------------------------------------------------------------------------------------------------------------------------------------------------------------------------------------------------------------------------------------------------------------------hbhhbhbhhhh-hcbbhbchchhhbhbbhbhhchhhhhhhhhhhhhhhhbbbhbbbccccccbcbbbcbcbcccbcbbhbhhcccbbbbbhhbhhhhhhhchhhhhhh--hbhbcchccbbbhhhbcchchhhhhhbbbbcchcchhbbbhbbbcccchbbbbbbbccccccbbbhbbhcchchhbhhbbcbbchhhhhhhhhcbcbhhbbhhhhhhbhbbbccchcbbbbcbbhhhhbbbhcbcbcbbbhbbccbccccbcbcbb---------------------------chchccbbbbbcbbcccccchchbbbbhbhhccccccbbbbhhbhbbbbbcccccccccchchhhh------------hhhhhhhhhbhhhhhhhcbcccbbbbbbbbbccbbcbbbbbcbcbbbbbbbbbhhhcchhbcccbccchchbhhbhhhhhhhhhchhhhb,,157,149,113,0,0,0,26,22,14,22,3,14,29,25,14,28,35,18,6,19,18,42,27,9,21,27,----------------------------------------------------------------------------------------------------------------------------------------------------------------------------------------------------------------------------------------------------------------------------------------------------------------------------------------------------------------------------------------------------mklilifsali-gaslcletfvghqvlriktkneeevkqlqfleslehlkvdfwrhpnspshpvdlrvpfpslqgvktfldshnfsysimiedvqelldeekesmrrs--rrvkrssrtfdfasyhtideiydwmdvlvedhpslvskvqigqsyegrplyvlkfstggsnrpaiwldtgihsrewitqatgvwtankiaeeygqdlsvtaildsmdifleivtnpdgfafthssnrlwrktrsitagsrcvgvdpnrnwdagfgd---------------------------agasayscsetyhgpypnsepevksivdfvkshgnikafvsihsysqlllypygytetpapnaqel------------heisakavaalsslygtqyeygsiittiyrasgstvdwtynqgikysftfelrdtgrygfllparqivptaeetwlalkvimehardniy,0,0,0,0,0,0,0,0,,
tr|U3IFX8|U3IFX8_ANAPL,849,-------------------------------------------------------------------------------------------------------------------------------------------------------------------------------------------------------------------------------------------------------------------------------------------------------------------------------------------------------------------------------------cccccccbbbcchccccbbbcbchcb-chchhhbbbhhbbhbbbhhhhhhhhhhhhhhhhhchhbbhhhbcccccccbcccbcbchccchhhbhhchcccbbbbbhhhhhhhhhhhhhhhhhh--hhhhhhhhhbhhhhhhhhhhhhhhhhhbhcbcbhcchbbbchchcccchbbbbbbbccccccbbbhbbcccbchbbhhbbchhbhhhhhhhhhccchchhbhbhhhhbhbbbbccccbcbbhbbhhhhbbbhchcccbbbbbbcbbcccbbcbcbb---------------------------bbcccccbbbbcbhccbccchchhbbbbbhhbcccccbbbbhhbhbbbbbcccccccbbchchbhh------------hhhhhhhhhhhhhbhcbbcbbbbbbbbbbbbccbbbbbbbbcccbbbbbbbbbhhhcbbcbccccccchchhhhbhhhhhhhhhhhcccc,,165,144,125,0,0,0,26,20,15,20,4,16,26,33,13,28,40,20,6,16,24,41,29,9,22,26,-------------------------------------------------------------------------------------------------------------------------------------------------------------------------------------------------------------------------------------------------------------------------------------------------------------------------------------------------------------------------------------mspgdyigpcqcpsglrlvrihsplv-vgalgeqlfvgdqvlritasnekqiallralgeredlqldfwrdptkpghpsdlrvpfpslqavkifleshgisysimikdvqqlldeekkimlls--kekersastfdfasyhtldeiynwldtlvanhpglvskiqigesyekrplyvlkfstggsnrpaiwldtgihsrewvtqatgvwtanklaeeygrdpsitaildsmdiffeivtnpdgyafthssnrmwrktrskrsgslcvgvdpnrnwnagfgg---------------------------sgsssspcsetyhgpyansepeveaivnfvknhgnikafvsihsysqlllypygytttpvpdveel------------hqvakeavtalsslygtkytygsiittiyqasggtidwtynqgikysftfelrdtgrygfllpasqivptaqetwlalkvimrhalehpy,0,0,0,0,0,0,0,0,,
tr|F1MUG4|F1MUG4_BOVIN,849,----------------------------------------------------------------------------------------------------------------------------------------------------------------------------------------------------------------------------------------------------------------------------------------------------------------------------------------------------------------------------------------------------hhhhbhhhhhh-hhhhhcccchhhbhbbhhhhhhhbhhhhhhhhhhchhbbhhbcccccccchbbbbcbchcchhhhbhhhhhhcbhhbbhhbhhhhhhhhhhhhhhhhhhh--hhbhbcbbbbbhchhhhhhhhhchhhcchbhhhhhbhbbbccccbbbbbbbbccccccbbbhbbcccbchhbhhbhchhhbbhhhbcbhccchchhbhhhhhhbhbbbccchcbhbbhbbchhhbbcbchcbccbchbbcbcbhccbchcbc---------------------------ccccccccbbbbbhbhbhcbcbhbbhbhhhbbccchcbhbbhhbhhbhbbccccccbccchcchhc------------hhhhhhhhhhhhhhhhbbcbcbbbbbbbbbbccbchbbbbbcccbbbbbbbbbhhhcbbhbccchccchchchhbhhhbbbhhhhhhhhh,,187,128,104,0,0,0,28,17,13,23,2,22,25,31,11,26,40,18,6,21,15,38,28,8,21,26,----------------------------------------------------------------------------------------------------------------------------------------------------------------------------------------------------------------------------------------------------------------------------------------------------------------------------------------------------------------------------------------------------mqgllilsvll-gaalgkedfvghqvlritaadeaevqtvkeledlehlqldfwrgpgqpgspidvrvpfpslqavkvfleahgiryrimiedvqslldeeqeqmfasqsra--rstntfnyatyhtldeiydfmdllvaehpqlvsklqigrsyegrpiyvlkfstggsnrpaiwidlgihsrewitqatgvwfakkftedygqdpsftaildsmdifleivtnpdgfafthsqnrlwrktrsvtssslcvgvdanrnwdagfgk---------------------------agassspcsetyhgkyansevevksvvdfvkdhgnfkaflsihsysqlllypygyttqsipdktel------------nqvaksavealkslygtsykygsiittiyqasggsidwsynqgikysftfelrdtgrygfllpasqiiptaqetwlgvltimehtlnnly,0,0,0,0,0,0,0,0,,
tr|S9YKU5|S9YKU5_CAMFR,849,----------------------------------------------------------------------------------------------------------------------------------------------------------------------------------------------------------------------------------------------------------------------------------------------------------------------------------------------------------------------------------------------------hhhhbhhhhhb-hhhbhcccchhhbbbbbbhhchhchhhhhhhhhhchhhbhhbcbccccccbbbbbcbccbhbhhhbhhhhhhcbhhbbhhbhhhhhhhhhhhhhhhhhhh--cbbbbcbbbbhhchhhhhhhhhbhhhcchbhhhhbbccccccccbbbbbbbbccccccbbbhbbhccbchhbhhbhhhhhhbhhhchhhhchhbhhbhhhchhbhbbbbccccbbbbhhbchhhbbbhcbbbcbccbbbcbbbhccbchcbbbbbhchccccchbbbbcbbbcbbbbbcbbcccccbbbbbbhbbbbhbbbhhbhbhbhbbccccbbhbhhhbhhbhbbcccccbccchccchbhhhhhhhhhhbhhhchhhhhhhhhhhhhhhccbcbbbbbbbbbcccbchbbbbbcccbbbbbbbbbhhhcbbhbccchccchchhhhhhhhhhhhhhhccccc,,193,155,110,0,0,0,31,22,15,27,6,21,26,35,10,30,45,16,7,21,16,44,28,9,21,28,----------------------------------------------------------------------------------------------------------------------------------------------------------------------------------------------------------------------------------------------------------------------------------------------------------------------------------------------------------------------------------------------------mrgllilsvll-gavlgkedfvghqvlrisvadeaqvqtvteledlehlqldfwrgparpgfpidvrvpfssiqavkvfleahgiryrimiedvqslldeeqeqmlasqsra--rststfnydtyhtleeiydfmdllvaenpqlvsklqignsyegrpiyvlkfstggsnrpaiwidtgihsrewitqasgvwfakkitedygqdaaftaildnmdifleivtnpdgfaythsknrlwrktrsltsgsscvgvdanrnwdagfgtlsdlcsggrqdpqvimgfcpfliwgrvsgassspcsetyhgksansevevksvvdfvndhgnikaflsihsysqlllypygyktespsdkdelalcsllgarfcrdqvaksavaalsslygteykygsiittiyqasggsidwtynqgikysftfelrdtgrygfllpasqiiptaqetwlalltimehtlnnpy,0,0,0,0,0,0,0,0,,
tr|W5P5N4|W5P5N4_SHEEP,849,----------------------------------------------------------------------------------------------------------------------------------------------------------------------------------------------------------------------------------------------------------------------------------------------------------------------------------------------------------------------------------------------------hhhhbhhhhhh-hhhhhcccchhhbhbbhhhhhhhbhhhhhhhhhhchhhbhhbcbcccccchbbbbcbchcchhhhbhhhhhhcbhhbbhhbhhhhhhhhhhhhhhhhhhh--bcccbcbbbbhhchhhhhhhhhchhhcchbhhhhbbcbbcccccbbbbbbbbccccccbbbhbbcccbchhbhhbhchhhbbhhhccbcccchchbbhhhhhhbhbbbcccccbbbbbbbchhhbbchchcb-bbchbbcbcbhccbchcbc---------------------------cccccccbbbbbbhbhbhhbcbhhbbbhhhhbccchcbhbbhhbhhbhbbccccccbbccchchch------------hhhhhhhhhhhhhbhhhbcbcbbbbbbbbbbccbchbbbbbcccbbbbbbbbbhhhcbbhbccchccchchhhhhhhhhhhhbhhccccc,,181,127,110,0,0,0,29,16,14,24,2,22,25,30,11,26,40,17,6,21,15,40,25,8,21,26,----------------------------------------------------------------------------------------------------------------------------------------------------------------------------------------------------------------------------------------------------------------------------------------------------------------------------------------------------------------------------------------------------mqgllilsvll-gaalgkedfvghqvlrisaadeaevqtvkeledlehlqldfwrgpaqpgspidvrvpfpslqavkvfleahgiryrimiedvqslldeeqeqmfasqsra--rstdsfnyatyhtldeiydfmdllvaehpqlvsklqigssyegrpiyvlkfstggsnrpaiwidlgihsrewitqatgvwfakkftedygqdptftaildsmdifleivtnpdgfvfthsqnrlwrktrsvt-sslcvgvdanrnwdagfgk---------------------------agassnpcsetyhgkyansevevksivdfvkdhgnfkaflsihsysqlllypygyttqsvsdknel------------nqvaksavealsslygtsykygsiittiyqasggsidwsynqgikysftfelrdtgrygfllpasqiiptaqetwlgllaimehtlnnpy,0,0,0,0,0,0,0,0,,
tr|M3WKB7|M3WKB7_FELCA,849,----------------------------------------------------------------------------------------------------------------------------------------------------------------------------------------------------------------------------------------------------------------------------------------------------------------------------------------------------------------------------------------------------cbhhbbbhhhc-hbhbhcccchhhbhbbchhhhhhhhhhhhhhhhhchhbbhhbcccccccchbbbbcbchchhhhhhhhhhhhcbbbbbhhbhhhhhhhhhhhhhhhhhhh--cbbcbcbbbbhhchhhhhhhhhbhhhcchbhhhhbbccccccccbbbbbbbbccccccbbbhbbcccbchbbhhbhhhchhbhhhbhhhccchbbbbhhhhhhbhbbbccchcbbbbhhbbhhhbbbhcbbccccbbbbccbcccbbchcbb---------------------------cccccccbchbbhhbcbhhbcbhbbbbhbhhccccccbbbbhhbhbbhhbccchcccccccchhhh------------hhhhhhhhhhhhhbhhhbcbhbbbhbbhbbcccbbhbbbbbccccbbbbbbbbhhhcbbcbccccccchchhhhbhhhhhhhhhbbhchc,,176,132,111,0,0,0,30,18,13,23,2,21,23,32,10,26,37,20,8,22,19,32,29,9,20,25,----------------------------------------------------------------------------------------------------------------------------------------------------------------------------------------------------------------------------------------------------------------------------------------------------------------------------------------------------------------------------------------------------mrglliwsvll-gavlgkedfvghqvlrisaadeaqvqkvkeledlehlqldfwrgpgqpgspidvrvpfpsiqavkafleahglgytimiedvqslldeeqeqmfafqars--rstdtfnyatyhtleeiygfmdllvaehpqlvsklqigntyegrpiyvlkfstggnnrpaiwidtgihsrewvtqasgvwfakkitqdygqdftltaildsmdifleivtnpdgfafthsknrmwrktrsltpgsscvgvdpnrnwdagfgm---------------------------pgassnpctdtyrgkfansevevksivdfvkshgnikafvsihsysqlllypygykaepapnrdel------------dqlaksavtalaslygtkfkygsiiktiyqasgstidwtysqgikysftfelrdtgrygfllpasqivptaqetwlalrtimeytlnhpy,0,0,0,0,0,0,0,0,,
tr|G7MMD5|G7MMD5_MACMU,849,----------------------------------------------------------------------------------------------------------------------------------------------------------------------------------------------------------------------------------------------------------------------------------------------------------------------------------------------------------------------------------------------------hhhhbhbhhhb-hchchccbbhhhbhbbchhhhhhhhhhhhhhhhhchhhbhhccbcccccchbbbbcbchccbbhhbhhbhcccbbbbbhhbhhhhhhhhhhhhhhhhhhb--ccbcbcbbbbhhchhhhhhhhhchhhcchbhhhbbbbcccbcccbbbbbbbbccccccbbbhbbcccbchbbhhbhhhchhbhhhbhhhhchhhhhbhhhhhhbhbbbccchccbbbbhbchhhhhchchcccbbbhbbccbccccbchcbb---------------------------cccccccbbcbcbhbcbbcbcbhbbbbhbhhbcccccbbbbhhbhhbhbbccccccccccccchhh------------hhhhhhhhhhhhhbhccbcchhhhhhbhbbccchbhbbbbbccccbbbbbbbbbhcccbbbchchcchhchhhhhhhhhhhhhhhbccbc,,177,124,118,0,0,0,33,16,12,26,2,20,24,29,12,29,37,21,6,23,17,34,27,8,19,24,----------------------------------------------------------------------------------------------------------------------------------------------------------------------------------------------------------------------------------------------------------------------------------------------------------------------------------------------------------------------------------------------------mrgllvlsvll-gavfgkeefvghqvlrisaadeaqvqkvkeledlehlqldfwrgpahpgspidvrvpfpsiqavkiflesngisydtmiedvqslldeeqeqmfafrsra--rstdtfnyatyhtleeiydfldllvaenpqlvskiqigntyegrpiyvlkfstggskrpaiwidtgihsrewvtqasgvwfakkitqdygqdaaftaildtmdifleivtnpdgfafthskdrmwrktrshtagslcvgvdpnrnwdagfgl---------------------------agassnpcsqtyhgkfansevevksivdfvkdhgnikafisihsysqlllypygyktepapdqdel------------dqlskaavkalaslygtsfkygsiikaiyqasgstidwtysqgikysftfelrdtgnygfllpasqiiptaretwlalltimehtlnhpy,0,0,0,0,0,0,0,0,,
tr|G7P0U3|G7P0U3_MACFA,849,----------------------------------------------------------------------------------------------------------------------------------------------------------------------------------------------------------------------------------------------------------------------------------------------------------------------------------------------------------------------------------------------------hhhhbhbhhhb-hchchccbbhhhbhbbchhhhhhhhhhhhhhhhhchhhbhhccbcccccchbbbbcbchccbbhhbhhbhcccbbbbbhhbhhhhhhhhhhhhhhhhhhb--ccbcbcbbbbhhchhhhhhhhhchhhcchbhhhbbbbcccbcccbbbbbbbbccccccbbbhbbcccbchbbhhbhhhchhbhhhbhhhhchhhhhbhhhhhhbhbbbccchccbbbbhbchhhhhchchcccbbbhbbccbccccbchcbb---------------------------cccccccbbcbcbhbcbbcbcbhbbbbhbhhbcccccbbbbhhbhhbhbbccccccccccccchhh------------hhhhhhhhhhhhhbhccbcchhhhhhbhbbccchbhbbbbbccccbbbbbbbbbhcccbbbchchcchhchhhhhhhhhhhhhhhbccbc,,177,124,118,0,0,0,33,16,12,26,2,20,24,29,12,29,37,21,6,23,17,34,27,8,19,24,----------------------------------------------------------------------------------------------------------------------------------------------------------------------------------------------------------------------------------------------------------------------------------------------------------------------------------------------------------------------------------------------------mrgllvlsvll-gavfgkeefvghqvlrisaadeaqvqkvkeledlehlqldfwrgpahpgspidvrvpfpsiqavkiflesngisydtmiedvqslldeeqeqmfafrsra--rstdtfnyatyhtleeiydfldllvaenpqlvskiqigntyegrpiyvlkfstggskrpaiwidtgihsrewvtqasgvwfakkitqdygqdaaftaildtmdifleivtnpdgfafthskdrmwrktrshtagslcvgvdpnrnwdagfgl---------------------------agassnpcsqtyhgkfansevevksivdfvkdhgnikafisihsysqlllypygyktepapdqdel------------dqlskaavkalaslygtsfkygsiikaiyqasgstidwtysqgikysftfelrdtgnygfllpasqiiptaretwlalltimehtlnhpy,0,0,0,0,0,0,0,0,,
tr|C9JUF9|C9JUF9_HUMAN,849,---------------------------------------------------------------------------------------------------------------------------------------------------------------------------------------------------------------------------------------------------------------------------------------------------------------------------------------------------------------------------------------------------------------------------------------------------------------------------------------------bhhhhhhhhhhhhhhhhhhhhhb--ccbcbcbbbbhhchhhhhhhhhchhhcchchchbbbccccbcccbbbbbbbbccccccbbbhbbcccbchbbhhbhhhchhbhhhbhhhhchhhhhbhhhhhhbhbbbccchcbbbbbbbhchbhbchcccccbbbcbbccbccccbchcbb---------------------------cbcccccbbcbbbhbcbhcbcbhbbbbhbhhbcccccbbbbhhbhbbhbhccccccccccccchhh------------hhhhhhhhhhhbhbhhhbcbhhbhhhbhbbccchbhbbbbbccccbbbbbbbbhhhcbbhbccchcchhchhhhhhhhhhhhhhhbccbc,,131,105,95,0,0,0,25,12,12,20,2,13,18,22,10,25,26,16,5,18,12,28,28,7,18,14,---------------------------------------------------------------------------------------------------------------------------------------------------------------------------------------------------------------------------------------------------------------------------------------------------------------------------------------------------------------------------------------------------------------------------------------------------------------------------------------------miedvqslldeeqeqmfafrsra--rstdtfnyatyhtleeiydfldllvaenphlvskiqigntyegrpiyvlkfstggskrpaiwidtgihsrewvtqasgvwfakkitqdygqdaaftaildtldifleivtnpdgfafthstnrmwrktrshtagslcigvdpnrnwdagfgl---------------------------sgassnpcsetyhgkfansevevksivdfvkdhgnikafisihsysqllmypygyktepvpdqdel------------dqlskaavtalaslygtkfnygsiikaiyqasgstidwtysqgikysftfelrdtgrygfllpasqiiptaketwlalltimehtlnhpy,0,0,0,0,0,0,0,0,,
tr|F6YU14|F6YU14_MACMU,849,---------------------------------------------------------------------------------------------------------------------------------------------------------------------------------------------------------------------------------------------------------------------------------------------------------------------------------------------------------------------------------------------------------------------------------------------------------------------------------------------hhhhhhhhhhhhhhhhhhhhhhb--ccbcbcbbbbhhchhhhhhhhhchhhcchbhhhbbbbcccbcccbbbbbbbbccccccbbbhbbcccbchbbhhbhhhchhbhhhbhhhhchhhhhbhhhhhhbhbbbccchccbbbbhbchhhhhchchcccbbbhbbccbccccbchcbb---------------------------cccccccbbcbcbhbcbbcbcbhbbbbhbhhbcccccbbbbhhbhhbhbbccccccccccccchhh------------hhhhhhhhhhhhhbhccbcchhhhhhbhbbccchbhbbbbbccccbbbbbbbbbhcccbbbchchcchhchhhhhhhhhhhhhhhbccbc,,135,99,97,0,0,0,27,12,11,21,2,15,17,22,9,24,27,17,5,18,12,28,26,7,18,13,---------------------------------------------------------------------------------------------------------------------------------------------------------------------------------------------------------------------------------------------------------------------------------------------------------------------------------------------------------------------------------------------------------------------------------------------------------------------------------------------miedlqslldeeqeqmfafrsra--rstdtfnyatyhtleeiydfldllvaenpqlvskiqigntyegrpiyvlkfstggskrpaiwidtgihsrewvtqasgvwfakkitqdygqdaaftaildtmdifleivtnpdgfafthskdrmwrktrshtagslcvgvdpnrnwdagfgl---------------------------agassnpcsqtyhgkfansevevksivdfvkdhgnikafisihsysqlllypygyktepapdqdel------------dqlskaavkalaslygtsfkygsiikaiyqasgstidwtysqgikysftfelrdtgnygfllpasqiiptaretwlalltimehtlnhpy,0,0,0,0,0,0,0,0,,
tr|G5BH74|G5BH74_HETGA,849,----------------------------------------------------------------------------------------------------------------------------------------------------------------------------------------------------------------------------------------------------------------------------------------------------------------------------------------------------------------------------------------------------hhhhbhbbhhb-hcbchcccchhbbbbbcbhhbhhhhhhhhhhhhhhhhhbhhccbcccccchbcbbbbccbhbbhhbhhhhhccbhbhbhhbhhhhhhhhhhhhhhhhhhhhhhhbcbcbbbbhhchhhhhhhhhbhhhcchchbbhbbccccbcccbbbbbbbbccccccbbbhbbcccbchbbhhbhhhhhhbhhhbcbhccchbhhbhhhchhbhbbbccchcbbbbhhbbhhhbbchcbbbcbbbcbbccbcccbbcbcbb---------------------------cbcccccbbbbbbhbcbbcchbhhhbhhbhchcccccbhbbhhbhhbhbbcccccchccchchhhh------------hhhhhhhhhhhhhbhhhbcbhbbbhbbhbbcccbbcbbbbbcbccbbcbbbbbbhhcbbhbccchcchhchhhhhhhhhhhhhhhbccbc,,176,138,107,0,0,0,31,14,19,21,2,19,25,31,11,28,37,24,6,21,16,33,30,8,20,25,----------------------------------------------------------------------------------------------------------------------------------------------------------------------------------------------------------------------------------------------------------------------------------------------------------------------------------------------------------------------------------------------------mlgllvltvll-gaafgnkdfvghqvlrisavdeaqvqkvkeledlehlqldfwqgpahpgspidvrvpftsvqavkvfleslgiryetmikdvqslldeekeqmltskaraqarstntfnyatyhtleeiygfidllvaenpqfiskiqigntyegrpiyvlkfstggnnrpaiwidtgihsrewvtqasgvwfakkitedygqdpaftaildnmdifleivtnpdgfafthsknrmwrktrsltagsscvgvdpnrnwdagfgn---------------------------ggsssnpcsetyhgkfansesevksivdfvqnhgnikafisihsysqlllypygykneaapdkeel------------dqlaksavtalaslygtkfkygsiiktiyqasgstvdwtysqgikysytfelrdtgrygfllpasqiiptaketwlalltimehtlnhpy,0,0,0,0,0,0,0,0,,
tr|L5KSC7|L5KSC7_PTEAL,849,---------------------------------------------------------------------------------------------------------------------------------------------------------------------------------------------------------------------------------------------------------------------------------------------------------------------------------------------------------------------------------------------------------------------------------------------------------------------------------------------bhhhhhhhhhhhhhhhhhhhhhb--bbbcbcbbhhhhchhhhhhhhhbhhhchhhhhhhbcchcccbccbbbbbbbbccccccbbbhbbcccbchbbhhbhhhhhhhhhhhhhhccchhhhbhbhcchbhbbbbccccbbbbhbbhhhhhbchcbcbcbbbhbbcbcbhccbchcbb---------------------------cccccccbbbbbbhbbbbhbcbhhbbbhbhcbccccbbbbbhhbhhbbbbcccccccchchchhhh------------hhhhhhhhhhhhhhhhhbcbccbbbbbhbbcccccchbbhhcbcbbbbbbbbbhhhcbhbcchccccchchhhhchhhhbhhbhcccchc,,136,106,89,0,0,0,30,12,14,20,2,17,19,23,6,24,26,11,4,16,9,31,23,7,20,17,---------------------------------------------------------------------------------------------------------------------------------------------------------------------------------------------------------------------------------------------------------------------------------------------------------------------------------------------------------------------------------------------------------------------------------------------------------------------------------------------miedvqslldeeqeqmfasqaqa--tstdtfnyasyhtldeiygfidllvaeypqlvsklqigetfegrpiyvlkfstggnnrsaiwidtgihsrewvtqasgvwfakkiaqdygqdsaftaildnvdifleivtnpdgfaftlsknrlwrktrsitagsacvgvdanrnwdagfgl---------------------------agassnpcsetyhgksansevevksivdfvnghgnikafisihsysqlllypygytedpasdqeel------------dqlaksavtalaslyrtrfqygsiittiyrasgssvdwaynqgikysytfelrdmgyygfllpasqiiptaqetwlallvimehtrdnpy,0,0,0,0,0,0,0,0,,
tr|A0A091EE44|A0A091EE44_CORBR,849,----------------------------------------------------------------------------------------------------------------------------------------------------------------------------------------------------------------------------------------------------------------------------------------------------------------------------------------------------------------------------------------------------hhhhhhhhhhh-hhchhhbbbhbbbhbbhhhhhhhhhhhhhhhhhhchhbbbhbbbbcchcchccbbcbchccbhhhhhhhhcccbbbbbhhbhhhhhhhchhhhhhh--hbhbcccccccbhhhhchhchhhhhhbbbbcchcchhbhbhhbhcccchbbbbbbbcccccccbbhbbhcchchhbhhbbcbbchhhhhhhhhcccchhbbhhhhhhbhbbbccchcbbbbcbbhhhhbbbhchcbccbbhbbccbccccbchcbb---------------------------chcccbcbbbbcbbcccccchchbbbbhbhhccccccbbbbhhbhbbbbbcccccccccchcchhh------------hhhhhhhhhhhhhhhhhbcbccbbbbbbbbcccbbbbbbbbcccbbbbbbbbbhhhchhhbccccccchchbhhbhhhhbhhhhhhhchh,,175,128,116,0,0,0,26,23,15,23,2,15,29,27,12,26,36,18,7,18,18,39,27,10,20,28,----------------------------------------------------------------------------------------------------------------------------------------------------------------------------------------------------------------------------------------------------------------------------------------------------------------------------------------------------------------------------------------------------metllvflall-giasteqlfvgdqvlrvtarseeqiallgvlgkreelqvdfwrhpvspshpadlrvpfpslqavknfldshnfsysimiedvqelldeekesmrrs--rrikrssstfdfasyhtldeiydwmdvlvedhpnlvskiqigqsyekrplyvlkfstggwnrpaiwldtgihsrewitqatgvwtankiaeeygqdrsvtaildsmdifleivtnpdgfafthssnrlwrktrsinagsrcvgvdpnrnwdagfge---------------------------agasgnscsetyhgpypnsepevksivdfvkshgnikafvsihsysqlllypygytetpvpdqqel------------hevsakavaalsslygtkykygsiittiyrasggtidwtynqgikysftfelrdtgrygfllpakqivptaeetwlalkvimehtrdnmy,0,0,0,0,0,0,0,0,,
tr|G1RQN9|G1RQN9_NOMLE,849,----------------------------------------------------------------------------------------------------------------------------------------------------------------------------------------------------------------------------------------------------------------------------------------------------------------------------------------------------------------------------------------------------hbhhbhhhhhb-c----------hbhbbbbhhhhhhhhhhhhhhhhchhhbhhccbccccccbbbbbcb-hchhbhhbhhchcbcbhhhhhhbhhhhhhhhhhhhhhhhhhb--ccbcbcbbbbhhchhhhhhhhhchhhcchchchbbbccccbcccbbbbbbbbccccccbbbhbbcccbchbbhhbhhhchhbhhhbhhhhchhhhhbhhhhhhbhbbbccchcbbbbbbbhchbhbchcccccbbbcbbccbccccbchcbb---------------------------cbcccccbbcbbbhbcbhcbcbhbbbbhbhhbcccccbbbbhhbhbbhbhccccccccccccchhh------------hhhhhhhhhhhbhbhhhbcbhhbhhhbhbbccchbhbbbbbccccbbbbbbbbhhhcbbhbccchcchhchhhhhhhhhhhhhhhbccbc,,173,125,110,0,0,0,28,15,12,24,2,19,26,26,13,30,36,19,7,21,17,34,29,8,19,23,----------------------------------------------------------------------------------------------------------------------------------------------------------------------------------------------------------------------------------------------------------------------------------------------------------------------------------------------------------------------------------------------------mqgllvlsvll-g----------hqvlrisvadeaqvqkvkeledledlqldfwrgpahpgfpidvrvp-psiqavkifleshsisyetmiedvqslleeeqeqmfafrsra--rstdtfnyatyhtleeiydfldllveenphlvskiqigntyegrpiyvlkfstggskrpaiwidtgihsrewvtqasgvwfakkitqdygqdaaftaildtmdifleivtnpdgfafthstnrmwrktrshtagslcigvdpnrnwdagfgl---------------------------sgassnpcsetyhgkfansevevksivdfvkdhgnikafisihsysqllmypygyktepvpdqdel------------dqlskaavtalaslygtkfnygsiikaiyqasgstidwtysqgikysftfelrdtgrygfllpasqiiptaketwlalltimehtlnhpy,0,0,0,0,0,0,0,0,,
tr|A0A091DFS7|A0A091DFS7_FUKDA,849,----------------------------------------------------------------------------------------------------------------------------------------------------------------------------------------------------------------------------------------------------------------------------------------------------------------------------------------------------------------------------------------------------hhhhbhbbhhb-hcbchcccchhbbbbbbbbhbhhhhhhhhhhhhhchhhbhhbcbcccccchbbbbbbcbbhbhhhbhhbhcccbbbhhhhhhhbhhhhhhhhhhhhhhhhchhbcchcbbbbhhchhhhhhhhbbbhhcchchbbbbbccccbcccbbbbbbbbccccccbbbhbbcccbchhhhhhhhhhhhhhhhbchhccchbhbbhhhchhbhbbbccchcbbbbhhbbhhhhhchchbhcbbbhbbccbcccbbchcbc---------------------------cbcccccbbbbbbhbcbbcchbhhhbhhbhchcccccbhbbhhbhhbhbbcccccbcccchchhhh------------hhhhhhhhhhhhhbhhhbcchhbbhbbhbbcccbbcbbbbbcbccbbcbbbbbbhhcbbhbccchcchhchhhhhhhhhhhhhhhbccbc,,179,134,108,0,0,0,31,16,17,22,2,17,26,30,10,30,36,26,6,21,16,35,26,8,20,26,----------------------------------------------------------------------------------------------------------------------------------------------------------------------------------------------------------------------------------------------------------------------------------------------------------------------------------------------------------------------------------------------------mlgllvltvll-gaafgnkdfvghqvlrisavdetqvqkvkeledlehlqldfwrgparpgspidvrvpfasvqavkvflesvgikyeimikdvqllldeekeqmltskarsqarstdtfnyatyhtleeiygfidllvaenpkfiskiqigntyegrpiyvlkfstggnnrpaiwidtgihsrewvtqasavwfakkitedygqdpafsaildnmdifleivtnpdgfafthsknrmwrktrsriagsscvgvdpnrnwdagfgk---------------------------ggsssnpcsetyhgkfansesevksivdfvqnhgnikafisihsysqlllypygykneaapdekel------------dqlaksavsalaslygtkfeygsiiktiyqasgstvdwtysqgikysytfelrdtgrygfllpasqiiptaketwlalltimehtlnhpy,0,0,0,0,0,0,0,0,,
tr|A0A1A6HLV2|A0A1A6HLV2_NEOLE,849,----------------------------------------------------------------------------------------------------------------------------------------------------------------------------------------------------------------------------------------------------------------------------------------------------------------------------------------------------------------------------------------------------hhhhhhhhhhh-hhhhhcccbhhbbhbbchhhhhhhhhhhhhhhhhchhhbhhcccccccccbbbbbcbccbcbhhbbhbchcccbhhbhhhbhhhhhhhhhhhhhhhhhhh--cchbbchhbbhhchhhhhhhhhhhhhcchbhhhbbbcccbccccbbbbbbbccccccccbbhbbhccbchbbhhbhhhchhbhhhbhbhccchbhhbhhhchhbhbbbbcchcbcbbbhbhhhbbbbhcchccbbbhbbccbccccbchcbb---------------------------cccccccbbhbbhhbcbhhbcbbbbbbhbhhhccccbbbbbhhbhhbbbbcccccccccchchhhh------------hhhhhhhhhbhbhbhhhccbcbbbbbbhbbbccbbcbbbbbcbccbbbbbbbbhhhhhhhhchchccchchbhhbhhhbhchhhcccbcc,,178,129,112,0,0,0,28,16,13,25,2,21,27,26,10,31,37,21,7,22,16,35,31,9,19,23,----------------------------------------------------------------------------------------------------------------------------------------------------------------------------------------------------------------------------------------------------------------------------------------------------------------------------------------------------------------------------------------------------mwkllilsvll-eavfgkenfvghqvlrisaadeaqvqkvkeledlehlqldfwrdparpgipidvrvpfssiqsvkvfleshdisyeimiediqslldeeqrqmsafqara--lstetfnyatyhtldeiyefmdllvaenpqlvskiqignsfegrpiyvlkfstggtnrqaiwidtgihsrewvtqasgvwfakkitqdygqdtaftaildnmdifleivtnpdgfaythktnrmwrktrsgtqgslcvgadpnrnwdagfgl---------------------------pgsssnpcsetyrgkfansevevksivdfvtkhgnikafisihsysqlllypygytsepapdkeel------------dqlaksavtaltslygtkykygsiidtiyqasgstvdwtysqgikysftfelrdtglrgfllpasqiiptaeetwlalltimdhtfkhpy,0,0,0,0,0,0,0,0,,
sp|P09954|CBPA1_PIG,849,----------------------------------------------------------------------------------------------------------------------------------------------------------------------------------------------------------------------------------------------------------------------------------------------------------------------------------------------------------------------------------------------------hhhbbbbhbcb-hhcbhbccchhhbbbbbbhhhhhhhhhhhhhhhhchhhbhhbcbccccccbbbbbcbchccbhhhbhhbhhccbbhbbhhbhhbhhhhhhhhhhhhhhhb--bcbcbcbbbbhhchhhhhhhhhbhhhcchcbhhhbbcbbcccccbbbbbbbbccccccbbbhbbcccbchbbhhbhhhhhhbhhhbcbhccchchhbhhhchhbhbbbccchcbbbbbhbchhbbbbhcccccbbbbbbcbbccccbcbcbb---------------------------cccccccbbcbbbhcccccbcbbbbbbhchcbccccbbhbbhhbhhbhbbcccccbccchcchhhh------------hhhhhhhhhhhhhbhchbcbbcbbbbbbbbbccbbbbbbbbcccbbbbbbbbbhhhcbbhbccchccchchhhhhhhhhhhhhhhbccbc,,155,150,114,0,0,0,28,17,14,25,2,20,26,32,12,31,35,17,6,24,18,31,28,9,19,25,----------------------------------------------------------------------------------------------------------------------------------------------------------------------------------------------------------------------------------------------------------------------------------------------------------------------------------------------------------------------------------------------------mwgllifsvll-ggvlakedfvghqvlrisvddeaqvqkvkeledlehlqldfwrgparpgfpidvrvpfpsiqavkvfleahgirytimiedvqllldeeqeqmfasqgra--rttstfnyatyhtleeiydfmdilvaehpqlvsklqigssyegrpiyvlkfstggnnrpaiwidtgihsrewvtqasgvwfakkitedygqdpaftaildnldifleivtnpdgfafthsenrmwrktrsrtsgsfcvgvdpnrnwdagfgg---------------------------agassnpcsetyhgkfpnsevevksivdfvndhgnikafisihsysqlllypygykteapadkdel------------dqisksavaaltslygtkfqygsiittiyqasggtidwtynqgikysfsfelrdtgrygfllpasqiiptaqetwlalltimehtlnhpy,0,0,0,0,0,0,0,0,,
tr|G3QJ04|G3QJ04_GORGO,849,---------------------------------------------------------------------------------------------------------------------------------------------------------------------------------------------------------------------------------------------------------------------------------------------------------------------------------------------------------------------------------------------------hhhhhbhbhhhb-hbcchcccchhhbbbbbbhhhhhhhhhhhhhhhhchhhbhhccbcccccchbbbbcbchccbbhhbhhbhcccbbbhbhhbhhhhhhhhhhhhhhhhhhb--ccbcbcbbbbbhchhhhhhhhhchhhcchchchbbbccccbcccbbbbbbbbccccccbbbhbbcccbchbbhhbhhhchhbhhhbhhhhchhhhhbhhhhhhbhbbbbccccbbbbbbbhchbhbchcccccbbbcbbccbccccbchcbb---------------------------cbcccccbbcbbbhbcbhcbcbhbbbbhbhhbcccccbbbbhhbhbbhbhccccccccccccchhh------------hhhhhhhhhhhbhbhhhbcbhhbhhhbhbbccchbhbbbbbccccbbbbbbbbhhhcbbhbccchccchchbhhhhhhhhhhhhhbccbc,,169,133,118,0,0,0,30,15,12,25,2,19,26,29,14,31,37,19,6,23,17,34,30,8,19,24,---------------------------------------------------------------------------------------------------------------------------------------------------------------------------------------------------------------------------------------------------------------------------------------------------------------------------------------------------------------------------------------------------amrgllvlsvll-gavfgkedfvghqvlrisvadeaqvqkvkeledlehlqldfwrgpahpgspidvrvpfpsiqavkifleshgisyetmiedvqslldeeqeqmfafqsra--rstdtfnyttyhtleeiydfldllvaenphlvskiqigntyegrpiyvlkfstggskrpaiwidtgihsrewvtqasgvwfakkitqdygqdaaftaildtldifleiitnpdgfafthstnrmwrktrshtagslcigvdpnrnwdagfgl---------------------------sgassnpcsetyhgkfansevevksivdfvkdhgnikafisihsysqllmypygyktepvpdqdel------------dqlskaavtalaslygtkfnygsiikaiyqasgstidwtysqgikysftfelrdtgrygfllpasqiiptaeetwlalltimehtlnhpy,0,0,0,0,0,0,0,0,,
tr|A0A087VCZ2|A0A087VCZ2_BALRE,849,------------------------------------------------------------------------------------------------------------------------------------------------------------------------------------------------------------------------------------------------------------------------------------------------------------------------------------------------------------------------------------------------------------------------------------------------------------------------------------------------------------------hhbbbbbcccbhhbhhchhhhhhhhhhhhhcchchhhhbbcbhchchchbbbbbbbccccccccbhbbccccchbbhhbhhhhhhhhhbbbhhchhhhhhhhhhchhbhbbbcccccbbbbbbhchhhhhchchbbcbbbbbbcbbccccbcbcbb---------------------------bccccccbbbbcbhccbccchchhbbbhbhhhcccccbbbbhhbhbbbbbccccccbbbcbcchhh------------hhhhhhhhhbhhhbhcbbcbcbbbbbbbbbbccbbbbbbbbcccbbbbbbbbbhhhchhhbccccccchchbhhbhhhhhhhhhhhhhhh,,116,110,86,0,0,0,20,13,14,16,2,10,16,24,11,18,28,15,4,13,14,26,23,7,18,20,------------------------------------------------------------------------------------------------------------------------------------------------------------------------------------------------------------------------------------------------------------------------------------------------------------------------------------------------------------------------------------------------------------------------------------------------------------------------------------------------------------------rqlllststfdyatyhsldeiyafmdllvaenpnlvskleigrstenrplyvlkfsrggtnrpavwidtgihsrewvtqasgvwfakkivldhendeglasvldkmdifleivtnpdgfvfthtqnrmwrktrsrhsgslcvgvdpnrnwdagfgg---------------------------pgasgnpcsetyhgpyansepevkaivdfvknhgnikafvsihsysqlllypygytstpvpdqkel------------hqisekavaalsslygtsykygsiittiyqasggtidwtynqgikysftfelrdtgrygfllpakqivptaeetwlalkvimqhaldhly,0,0,0,0,0,0,0,0,,
tr|H2QVD8|H2QVD8_PANTR,849,----------------------------------------------------------------------------------------------------------------------------------------------------------------------------------------------------------------------------------------------------------------------------------------------------------------------------------------------------------------------------------------------------hhhhbhbhhhb-hbcchcccchhhbbbbbbhhhhhhhhhhhhhhhhchhhbhhccbcccccchbbbbcbchccbbhhbhhchcbcbhhhbhhbhhhhhhhhhhhhhhhhhhb--ccbcbcbbbbhhchhhhhhhhhchhhcchchchbbbccccbcccbbbbbbbbccccccbbbhbbcccbchbbhhbhhhchhbhhhbhhhhchhhhhbhhhhhhbhbbbccchcbbbbbbbhchbhbchcccccbbbcbbccbccccbchcbb---------------------------cbcccccbbcbbbhbcbhcbcbhbbbbhbhhbcccccbbbbhhbhbbhbhccccccccccccchhh------------hhhhhhhhhhhbhbhbcbcbhhbhhhbhbbccchbhbbbbbccccbbbbbbbbhhhcbbhbccchcchhchhhhhhhhhhhhhhhbccbc,,172,129,118,0,0,0,29,15,12,25,2,19,26,28,14,30,37,20,6,23,17,34,30,8,19,25,----------------------------------------------------------------------------------------------------------------------------------------------------------------------------------------------------------------------------------------------------------------------------------------------------------------------------------------------------------------------------------------------------mrgllvlsvll-gavfgkedfvghqvlrisvadeaqvqkvkeledlehlqldfwrgpahpgspidvrvpfpsiqavkifleshdisyetmiedvqslleeeqeqmfafqsra--rstdtfnyatyhtleeiydfldllvaenphlvskiqigntyegrpiyvlkfstggskrpaiwidtgihsrewvtqasgvwfakkitqdygqdaaftaildtldifleivtnpdgfafthstnrmwrktrshtagslcigvdpnrnwdagfgl---------------------------sgassnpcsetyhgkfansevevksivdfvkdhgnikafisihsysqllmypygyktepvpdqdel------------dqlskaavtaltslygtkfnygsiikaiyqasgstidwtysqgikysftfelrdtgrygfllpasqiiptaketwlalltimehtlnhpy,0,0,0,0,0,0,0,0,,
tr|A0A091JW31|A0A091JW31_COLST,849,---------------------------------------------------------------------------------------------------------------------------------------------------------------------------------------------------------------------------------------------------------------------------------------------------------------------------------------------------------------------------------------------------------------------------bbbbbbcbcchhhhhhhhhhhhhhhhhhhhhbcccccccbbcbbcbccccchhhhhhhhhhhhhhbhhhbhhhhhhhhhhhhhhhb-cccbcbbbbbbhbhhhchhhhhhhhhchhhcchchhhhbbcbhchchchbbbbbbbccccccbbbhbbcccbchbbhhbhhhhhhhhhbbbhhccchhhhhhhhchhbhbbbccchccbbbhbhbhhhcbbhchcccbbbbbbcbbccccbchcbb---------------------------chcccbcbbbbcbhccbccchchhbbbhbhhccccccbbbbhhbhhbbbbccccccccbcbccchc------------hhhhhhhhhbhhhbhcbbcbcbbbbbbbbbcccbchbhbbhcccbbbbbbbbbhhhcbbbbccccccchchhhhhhhhhbhbhhhhcchc,,161,123,114,0,0,0,21,15,13,24,2,16,28,26,16,26,40,21,2,16,20,40,22,8,19,23,---------------------------------------------------------------------------------------------------------------------------------------------------------------------------------------------------------------------------------------------------------------------------------------------------------------------------------------------------------------------------------------------------------------------------hqvlrivptsdeelqkvqelqdleelqldfwlepqglghpvdvhvpfpslqplkahleanelsytimiedvqalvdheqremlhks-rglpsststfsydsyhtldeiydfldllvaenpnlvskleigrstenrplyvlkfskggsnrpgiwidtgihsrewvtqasgvwfakkivldhesdeslasildhfdifleivtnpdgfaftqtknrlwrktrskrsgsicigvdpnrnwdagfge---------------------------sgassnacsetyhgpyansepevkaivdfvkshgnikafisihsysqlllypygytktpvpdkdel------------hevskkavaalsslygtsykygsiittiyqasggsidwaynqgikysftfelrdtgrygfllpssqiiptaqetwlglkvilehardhpy,0,0,0,0,0,0,0,0,,
sp|P00730|CBPA1_BOVIN,849,----------------------------------------------------------------------------------------------------------------------------------------------------------------------------------------------------------------------------------------------------------------------------------------------------------------------------------------------------------------------------------------------------hhhhbhhhhhh-hhhhhcccchhhbhbbhhhhhhhbhhhhhhhhhhchhbbhhbcccccccchbbbbcbchcchhhhbhhhhhhcbhhbbhhbhhhhhhhhhhhhhhhhhhh--hhbhbcbbbbbhchhhhhhhhhchhhcchbhhhhhbhbbbccccbbbbbbbbccccccbbbhbbcccbchhbhhbhchhhbbhhhbcbhccchchhbhhhhhhbhbbbccchcbhbbhbbchhhbbcbchcbccbchbbcbcbhccbchcbc---------------------------ccccccccbbbbbhbhbhhbcbhhbbbhhhhbccchcbhbbhhbhhbhbbccccccbccchcchhc------------hhhhhhhhhhhhhhhhbbcbcbbbbbbbbbbccbchbbbbbcccbbbbbbbbbhhhcbbhbccchccchchchhbhhhbbbhhhhhhhhh,,189,127,103,0,0,0,28,17,13,23,2,22,25,31,11,27,40,18,6,21,15,38,28,8,21,25,----------------------------------------------------------------------------------------------------------------------------------------------------------------------------------------------------------------------------------------------------------------------------------------------------------------------------------------------------------------------------------------------------mqgllilsvll-gaalgkedfvghqvlritaadeaevqtvkeledlehlqldfwrgpgqpgspidvrvpfpslqavkvfleahgiryrimiedvqslldeeqeqmfasqsra--rstntfnyatyhtldeiydfmdllvaehpqlvsklqigrsyegrpiyvlkfstggsnrpaiwidlgihsrewitqatgvwfakkftedygqdpsftaildsmdifleivtnpdgfafthsqnrlwrktrsvtssslcvgvdanrnwdagfgk---------------------------agassspcsetyhgkyansevevksivdfvkdhgnfkaflsihsysqlllypygyttqsipdktel------------nqvaksavealkslygtsykygsiittiyqasggsidwsynqgikysftfelrdtgrygfllpasqiiptaqetwlgvltimehtlnnly,0,0,0,0,0,0,0,0,,
tr|F7E9F3|F7E9F3_MONDO,849,----------------------------------------------------------------------------------------------------------------------------------------------------------------------------------------------------------------------------------------------------------------------------------------------------------------------------------------------------------------------------------------------------hhhhbhhhhhb-bbbbhccccchhbhbbhhhhhhhhhhhhhhhhhhchhbbhhbccccccccbbbbbcbchchbbhhbhhchcccbbbbhhhbhhbhhhhhhhhhhhhbhcb--bbbcbcbbbbhhchhhhhhhhhhhhhcchchhhbbbcbcbccccbbbbbbbbccccccbbbhbbcccbchbbhhbhhhcbhbhhhchhhcchhhhhhhhhhhhbhbbbbccccbbbbhhbchhhbbchcbbbcbbbcbbccbccccbchcbb---------------------------cccccccbbhhbhhbcbhhbcbbbbbbhbbbhccccbbhbbhhbhhbbbbcccccbbbbhbbhhhh------------hhhhhhhhhhhhhbhhhccbcbbbbbbbbbbccbbbbbbbbcccbbbbbbbbbbhhhhhhbchccccchchhhhbhhhhhcbhhhbcbhc,,168,150,101,0,0,0,28,15,15,23,2,17,25,29,11,28,36,24,7,19,15,35,31,8,22,29,----------------------------------------------------------------------------------------------------------------------------------------------------------------------------------------------------------------------------------------------------------------------------------------------------------------------------------------------------------------------------------------------------mkgllvlsavl-lvvfgkedfsghqvlrisaadeaqvekvreleklehlqldfwrgpsqpstpidvrvpfpsvqavkvfleshgikysimikdvqvllkdeeeqmfafksra--hstdtfsyatyhtldeiyefmdllvaenpnlvskiqignsyegrpinvlkfstggtnrpaiwidtgihsrewvtqasgvwfakkitddygqdeqltaildsmdifleivtnpdgfaythsknrlwrktrsitagsscvgvdpnrnwdagfge---------------------------agassnpcsetyrgkfansevevksivdfvtnhgnikafisihsysqlllypygytttrvahqsel------------dqlakaavenlaslygtkykygsiittiyqasggtidwtynsgikysytfelrdtglygfllpakqivptaqetwlglmtimdytlkhpy,0,0,0,0,0,0,0,0,,
tr|H2PNI7|H2PNI7_PONAB,849,----------------------------------------------------------------------------------------------------------------------------------------------------------------------------------------------------------------------------------------------------------------------------------------------------------------------------------------------------------------------------------------------------hhhhhhhhhhb-hbcchcccchhhbbbbbbhhhhhhhhhhhhhhhhchhhbhhccbcccccchbbbbcbchccbbhhbhhbhcccbbbhbhhbhhhhhhhhhhhhhhhhhhb--ccbcbcbbbbhhchhhhhhhhhchhhcchchchbbbccccbcccbbbbbbbbccccccbbbhbbcccbchbbhhbhhhchhbhhhbhhhhchhhhhbhhhhhhbhbbbccchcbbbbbbbhchbhbchcccccbbbcbbccbccccbchcbb---------------------------cbcccccbbcbbbhbcbhcbcbhbbbbhbhhbcccccbbbbhhbhbbhbhccccccccbchcchhh------------hhhhhhhhhhhbhbhhhbcbhhbhhhbhbbccchbhbbbbbccccbbbbbbbbhhhcbbhbccchcchhchhhhhhhhhhhhhhhbccbc,,175,129,115,0,0,0,31,15,12,24,2,19,26,28,14,30,37,20,6,23,17,34,29,8,19,25,----------------------------------------------------------------------------------------------------------------------------------------------------------------------------------------------------------------------------------------------------------------------------------------------------------------------------------------------------------------------------------------------------mrellvlsvll-gavfgkedfvghqvlrisvadeaqvqkvkeledlehlqldfwrgpahpgspidvrvpfpsiqavkifleshgisyetmiedvqslldeeqeqmfafqsra--rstdtfnyatyhtleeiydfldllvaenphlvskiqigntyegrpiyvlkfstggskrpaiwidtgihsrewvtqasgvwfakkitqdygqdaaftaildtldifleivtnpdgfafthstnrmwrktrshtagslcigvdpnrnwdagfgl---------------------------sgassnpcsetyhgkfansevevksivdfvkdhgnikafisihsysqllmypygyktepvpdqael------------dqlskaavtalaslygtkfnygsiikaiyqasgstidwtysqgikysftfelrdtgrygfllpasqiiptaketwlalltimehtlnhpy,0,0,0,0,0,0,0,0,,
tr|G3X8P0|G3X8P0_MELGA,849,---------------------------------------------------------------------------------------------------------------------------------------------------------------------------------------------------------------------------------------------------------------------------------------------------------------------------------------------------------------------------------------------------hhbhhbhhhbhb-chccbhbbbhhbhhbhhhhhhhhhhhhhhhhhhhhhbbbbhhbcccccccbccbbchcbhhbhhhbhbchcccbbbbbhhbhhhhhhhhhhhbhhh--hhhhhhchbhhbhhhbchhhhhhhhhhbhccchcchhbhbhhchcccchbbbbbbbcccccccbbhbbhcccchbbhhbbchhbhhhhhhcbcccchchbbccbhhhbhbbbbccccbcbbhbbhhhbhbchchbbcbbbbbbcbbccccbcbcbb---------------------------cbcccccbbbbcchcccccchchbbbbhbhhhcccccbbbbhhbhhbbbbccccccbbbchcchhh------------hhhhhhhhhhhhhhhcbccbcbbbbbbbbbbccbbbbbbbbcccbbbbbbbbbhhhcbbcbccccccchchhhhchhhhhhhhhhhhhbb,,169,137,114,0,0,0,30,22,16,23,2,15,26,30,13,22,37,17,8,18,17,33,31,9,21,30,---------------------------------------------------------------------------------------------------------------------------------------------------------------------------------------------------------------------------------------------------------------------------------------------------------------------------------------------------------------------------------------------------nmkvllvftall-vgtfseqlfvgdqvlravasdeeqiallralgeqvdlqidfwrdptkpgrpadlrvpfsrlqavkvfleshgisysimiedvqhlldeekrtmmls--rrmersankfnfasyhtleeiydwmdtlvadhpnlvskiqigesyekrplyvlkfstggsnrpavwldtgihsrewvtqatgvwtanklaedyghdptvtslldtvdiffeivtnpdgyafthssnrmwrktrsrhsgslcvgvdpnrnwdagfgg---------------------------sgasgnpcsetyrgpyansepevqaivdfvknhgnikafisihsysqlllypygytttavpdkeel------------hqvakeavaalsslygtnykygsiittiyqasggtidwtynqgikysftfelrdtgrygfllpasqivptaeetwkalevimahtrghly,0,0,0,0,0,0,0,0,,
sp|Q7TPZ8|CBPA1_MOUSE,849,----------------------------------------------------------------------------------------------------------------------------------------------------------------------------------------------------------------------------------------------------------------------------------------------------------------------------------------------------------------------------------------------------hhhhhhhhhhh-hbhcccccchbbbbbbcbhchhhhhhhhhhhhhhhhhhhhhhhchcccccbbbbbcbcbccbhhhhhhchhccbhhbhhhbhhhhhhhhhhhhhhhhhhh--cchcchhhhbhhchhhhhhhhhbhbhcchbbhhbbbbbbbcbccbbbbbbbbccccccbbbhbbcccbchbbhhbhhhchhbhhhbhccccchhbbbhhhchhbhbbbbccccbcbbbhbhchbhbchchcccbbbbbbccbcccchhhhhh---------------------------cccccccbbhbbbbcccccbcbbbbbbhbbbcccccbbhbbhhbhhbbbbcccccccccchchhhh------------hhhhhhhhhbhbhbhhhbcbcbbbhbbhbbbcchbhbbbbbccccbbbbbbbbhhhhhhhhchchccchchbhhbhhhbhcbhhcccbbc,,175,131,113,0,0,0,28,17,13,24,2,17,28,24,13,29,38,21,8,21,19,32,34,8,17,26,----------------------------------------------------------------------------------------------------------------------------------------------------------------------------------------------------------------------------------------------------------------------------------------------------------------------------------------------------------------------------------------------------mkrllvlsvll-aavfgnenfvghqvlrisatdeaqvqkvreleelehlkldfwrdparaglpidvrvpfptiqsvkafleyhdisyeimiedvqslldeekqqmsafqara--lstdafnyatyhtldeiyefmdllvtehpqlvskiqigstfegrpinvlkfstggtnrpaiwidtgihsrewvtqasgvwfakkitkdygqeptltaildnmdifleivtnpdgfvythktnrmwrktrshtegslcvgvdpnrnwdaafgm---------------------------pgassnpcsetyrgkfpnsevevksivdfvtshgnikafisihsysqlllypygytsepapdkeel------------dqlaksavtaltslhgtkfkygsiidtiyqasgstidwtysqgikysftfelrdtglrgfllpasqiiptaeetwlalltimdhtvkhpy,0,0,0,0,0,0,0,0,,
tr|I3MD78|I3MD78_ICTTR,849,----------------------------------------------------------------------------------------------------------------------------------------------------------------------------------------------------------------------------------------------------------------------------------------------------------------------------------------------------------------------------------------------------hhhhbhbhbbb-hbccbcccbhhhbhbhhhhhhhhhhhhhhhhhhhhhhbbhhbccccccccbcbbbbbhhchhhhhhhhhhchcbhhhhhhhhhhhhhhhhhhhhhhhhhh--ccbcbcbhhbhhchhhhhhhhhchhhcchbhhhbhbhbhcbccchbbbbbbbccccccbbbhbbcccbchbbhhbhhhchhbhhhbhhhccchcbhhhhhchhbhbbbccchcbbbbhhbbhhhbbchchbbchbbbbbcbbcccbbcbcbb---------------------------cccccccbbhbcbbcccccbcbhbbbbbbhbbccccbbhbbhhbhhbbbbcccccccccchchhhh------------hhhhhhhhhbhhhbhhhbcbccbbbbbbbbbccbbcbbbbbcbcbbbbbbbbbhhhcchbbccccccchchhhhbhhhhhhhhhhbhchc,,180,132,107,0,0,0,25,15,22,23,2,24,24,26,10,28,39,19,7,23,18,31,29,9,20,25,----------------------------------------------------------------------------------------------------------------------------------------------------------------------------------------------------------------------------------------------------------------------------------------------------------------------------------------------------------------------------------------------------mrgllvlsvll-gtvfgnedfvghqvlrifaadeaqvqkvkeledlqhlqldfwkgptwpgtpidirvpfhslqavkifleaqdiryeimiedlqslldeeqeqmfafraqv--qstdtfnyatyhtleeiynfldllvaehpqlvskiqigktyedrpiyvlkfstggnnrpaiwidtgihsrewvtqasgvwfakkitqdygqdpaltnilnnmdifleivtnpdgfafthsknrmwrktrsltsnslcvgvdpnrnwdagfgn---------------------------agsssnpcsdqyrgkfpnsevevqsivnfvnnhgnikafisihsysqlllypygytsepapdkeel------------dklaksavtalsslygtkfkygsiittiyqasgstvdwtynqgikysftfelrdsgrygfllpasqivptaqetwlalmtimeytlnhpy,0,0,0,0,0,0,0,0,,
tr|G1PSA8|G1PSA8_MYOLU,849,----------------------------------------------------------------------------------------------------------------------------------------------------------------------------------------------------------------------------------------------------------------------------------------------------------------------------------------------------------------------------------------------------hbhhbhbhhhh-hhhbhcccchhhbbbbbbhhchhhhhhhhhhhhhchhhbhhbcbcccccchcbbbcbchcchhhhbhhbhccccbhbbhhbhhhhhhhhhhhhhhhhhhh--ccbcbchhbbhhchhhhhhhhhhhhbbchhhhhhbbcbbcccccbbbbbbbbccccccbbbhbbcccbchhhhhhhhhcbhbhhhbhbhccchbhhbhhhchhbhbbbccchcbbbbhbbbhhhhbchcbbbcbbbcbbccbcccbbchcbc---------------------------cccccccbbcbbbhbcbbcchbhhbbbhbhhccccccbbbbhhbhhbbbbcccccccchchhhhhh------------hhhhhhhhhhhhhbhhhbcchhbhhbbhbbcccbbbbbbbbcccbbbbbbbbbbhhcbbcbccccccchchhhhbhhhhhhhhhhbcbhc,,178,130,111,0,0,0,35,14,13,23,2,20,25,31,12,27,38,22,7,22,17,29,30,8,20,24,----------------------------------------------------------------------------------------------------------------------------------------------------------------------------------------------------------------------------------------------------------------------------------------------------------------------------------------------------------------------------------------------------mqgllifslll-gavlgkedfvghqvlrisvadeaqvqkvteledlehlqldfwrgpaqpgspvdvrvpfpslqavkvfleahgieytimiedvqslldeeeeqmfafqara--astdtfnyatyhtleeiygfmdmlvaehpnlvsklqigktyegrpiyvlkfstggnnrpaiwidtgihsrewvtqasgiwfakkitqdygqnpaftaildkmdifleivtnpdgfafthsknrlwrktrsltagsscvgvdpnrnwdagfgk---------------------------agassnpcsetyhgkfansetevksivdfvkshgnikafisihsysqlllypygyttdpaqdqael------------delaksavtalaslygtkfkygsiikaiyrasggtidwtynqgikysytfelrdtgrygfllpasqivptaqetwlalltimdhtlkhpy,0,0,0,0,0,0,0,0,,
tr|G1LG84|G1LG84_AILME,849,---------------------------------------------------------------------------------------------------------------------------------------------------------------------------------------------------------------------------------------------------------------------------------------------------------------------------------------------------------------------------------------------------hhhhhbhhhhhh-hhhchccccchbbhbbhhhhhhhhhhhhhhhhhhchhhbhhbccccccccbbbbbcbchcchhhhbhhhhhccbbbbhhhhhhhhhhhhhhhhhhhhhhb--ccccccbbbbhhchhhhhhhhhbhhhhchbhhhhbbcbbcccccbbbbbbbbccccccbbbhbbcccbchbbhhbhhhchhbhhhbhhhccchhbhbhhhhhhbhbbbccchcbbbbhhbbhhhbbbbcbcbcbbbbbbccbccccbchcbb---------------------------cccccccbcbbbbhbcbhcbcbhbbbbhbhhhcccccbbbbhhbhhbbbbcccccbbbbchcchhh------------hhhhhhhhhhhhhbhhhbcbhbbbhbbhbbccccbhbbbbbccccbbbbbbbbhhhcbbcbccccccchchhhhbhhhhhhhhhhbccbc,,177,133,110,0,0,0,34,17,12,23,2,21,24,29,12,27,37,20,6,24,17,32,31,9,19,24,---------------------------------------------------------------------------------------------------------------------------------------------------------------------------------------------------------------------------------------------------------------------------------------------------------------------------------------------------------------------------------------------------smrgllilsvll-aavfgkedftghqvlrisaadeaqvqkvkeledlehlqldfwrgpaqpgtpidvrvpfpslqavkifleahgiryttmiedvqalldeeqeqmfafrawa--rssdtfnyatyhtleeiygfldllvaehpqlvsklqigssyegrpiyvlkfstggsnrpaiwidtgihsrewvtqasgvwfakkitqdygqdstltaildsmdifleivtnpdgfafthsknrmwrktrsftkgsfcvgadpnrnwdagfgl---------------------------pgassnpctetyhgkfansevevksivdfvknhgnikafisihsysqlllypygytveaapdqdel------------dqvaksavtalaslygtkfkygsiiktiyqasgntidwtysqgikysftfelrdtgrygfllpasqivptaqetwlalrtimehtlnhpy,0,0,0,0,0,0,0,0,,
tr|D2GWT9|D2GWT9_AILME,849,----------------------------------------------------------------------------------------------------------------------------------------------------------------------------------------------------------------------------------------------------------------------------------------------------------------------------------------------------------------------------------------------------------------------------hhbhhhhhhhhhhhhhhhhhhhchhhbhhbccccccccbbbbbcbchcchhhhbhhhhhccbbbbhhhhhhhhhhhhhhhhhhhhhhb--ccccccbbbbhhchhhhhhhhhbhhhhchbhhhhbbcbbcccccbbbbbbbbccccccbbbhbbcccbchbbhhbhhhchhbhhhbhhhccchhbhbhhhhhhbhbbbccchcbbbbhhbbhhhbbbbcbcbcbbbbbbccbccccbchcbb---------------------------cccccccbcbbbbhbcbhcbcbhbbbbhbhhhcccccbbbbhhbhhbbbbcccccbbbbchcchhh------------hhhhhhhhhhhhhbhhhbcbhbbbhbbhbbccccbhbbbbbccccbbbbbbbbhhhcbbcbccccccchchhhhbhhhhhhhhhhbccbc,,163,129,104,0,0,0,32,16,12,22,2,21,23,26,11,26,32,19,5,22,17,30,30,9,19,22,----------------------------------------------------------------------------------------------------------------------------------------------------------------------------------------------------------------------------------------------------------------------------------------------------------------------------------------------------------------------------------------------------------------------------qvlrisaadeaqvqkvkeledlehlqldfwrgpaqpgtpidvrvpfpslqavkifleahgiryttmiedvqalldeeqeqmfafrawa--rssdtfnyatyhtleeiygfldllvaehpqlvsklqigssyegrpiyvlkfstggsnrpaiwidtgihsrewvtqasgvwfakkitqdygqdstltaildsmdifleivtnpdgfafthsknrmwrktrsftkgsfcvgadpnrnwdagfgl---------------------------pgassnpctetyhgkfansevevksivdfvknhgnikafisihsysqlllypygytveaapdqdel------------dqvaksavtalaslygtkfkygsiiktiyqasgntidwtysqgikysftfelrdtgrygfllpasqivptaqetwlalrtimehtlnhpy,0,0,0,0,0,0,0,0,,
tr|G1SS65|G1SS65_RABIT,849,----------------------------------------------------------------------------------------------------------------------------------------------------------------------------------------------------------------------------------------------------------------------------------------------------------------------------------------------------------------------------------------------------hbbhbbbhhhc-hcbchcccchhhbhbbhhhhhhhhhhhhhhhhhhchhhbhhbcbcccccchbbbbcbchcchhhhbhhhhcccbbbbbbhbhhhhhhhhhhhhhhhhhhb--ccbcbcbbbbhhchhhhhhhhhhhhhhchbbhhbhbbcccbcccbbbbbbbbccccccbbbhbbcccbchbbhhbhhhhhhbhhhbcbcccchbhbbhhhchhbhbbbbccccbhbbhhbchhhbbbbcccccbbbbbbcbbcccbbchcbc---------------------------ccccccccbbbbbhbcbbhbcbhbbbbhbhhhcccccbbbbhhbhhbbbbcccccccccchcchhh------------hhhhhhhhhhhhhbhhhccbhcbbhbbhbbbccbbcbbbbbcbcbbbbbbbbbhhhcbbhbccchccchchhhhhhhhbhhhhhhbcbbc,,165,142,112,0,0,0,32,17,15,23,2,24,24,29,13,31,32,16,5,19,18,32,32,9,20,26,----------------------------------------------------------------------------------------------------------------------------------------------------------------------------------------------------------------------------------------------------------------------------------------------------------------------------------------------------------------------------------------------------mrvlliwsvll-gaalgsedfvghqvlrisaaneaqvqkvaelqdlehlqldfwrgparpgspidvrvpfpsiqavkifleahgigyeimiedvqtlldeeqeqmsafrara--tstdtfnyatyhtleeiydfidqlvaehpqlvskiqigntyegrpiyvlkfstggnnrpaiwidtgihsrewvtqasgvwfakkitedygqdptvtsildnldvfleivtnpdgfafthsqnrmwrktrsrtsgsfcigvdpnrnwdagfgk---------------------------agassnpcsdtyhgktansevevksivdfvknhgnikafisihsysqlllypygytsepapdqkel------------hqvaksavtalaslygtkyqygsiidtiyqasgstvdwtynqgikysftfelrdtgrygfllpasqiiptaqetwlalltimehtqthpy,0,0,0,0,0,0,0,0,,
tr|F7E0P9|F7E0P9_HORSE,849,-----------------bbbchhbhbbhhhhchhhhhhhhhhhhcchcbbbhbbhccccbcbbcbbccccbchchbhhhhccccbbbbhhhbhhbhhhhhhhhhhhhhhhbchccbcbbbbhbchhbhbbhhbhhcbcbbbhhhbbbbhcbcchchbbbbbbbccccccbbbbbbhccbchbbhhbbhbcchbhhhhhhhcccchhhhhhhhhhbhhbbbccccbbbbhhbhhhhcbbccccccbcbbbbcbbbccbbbbbcbcbbccccbbbbcbccccccchhhbhhbhhhhbchchbbbhhhhbhbchbhccccccbcbhhhhhhhhhhhhhhhhhhhhhhhhbbbbbbcbbbbbbbcccbbbbbhbhccbcb---hbbbbcbhhbbhbbchchhb----b-hchhhhhhhbhcbhhhhhhhhhhhhhhhhchhhbhhbcbcccccchbbbbcbchcchhhhbhhbhhcccbhbhhbhc----------------bb--cccchhchbbhhchhhhchhhhbhhhcchchhhhbbcbhccccchbbbbbbbhcccccbbbhbbcccbchbbhhbhhhhhhbhhhchhhccchchhbhhhchhbhbbbbccccbcbbcbbhhhbbbbhchcccbbbhbbccbccccbchcbb---------------------------cccccccbbbbbbhbbbbhbcbhhbbbhbhhbcccccbbbbhhbhhbhhbccchcbhhhhhbhhhh------------hhhhhhhhbbhhhbhccbcbbcbbbbbhbbccchchhhhhhcccbbbbbbbbbhhcccbcbccchccchchhhhhhhhhhh---------,,303,253,202,0,0,0,55,34,31,40,5,27,45,53,21,58,61,41,10,32,30,78,43,16,34,44,-----------------mnftgdqvlrvlaknekelsllkeleglkpqkvdfwrgparpslpvdmrvpfseltdvkaylgshglaysimikdvqvlldeereamaksrrlerstnsfsyssyhtleeiyswidnfvtehsdivskirighsfenrsilvlkfstggsqrgaiwidtgihsrewithatgiwtakkivseygkdrsltnilnamdifmeivtnpdgfafthsmnrlwrknkstrpgsfcigvdlnrnwksgfggngsnnnpcsetyrgpspqsepevaaivdfitahgnikalisihsysqmlmypyghslepvsnqkelsklakdavralsevhgiqyiygsisttlyvasgitvdwaydngikys---fsfelrdtghygfllpasqi----i-ptaqethqvlrisvadeaqvqkvkeledlehlqldfwrgpaqpgspidvrvpfpsiqavkifleahgieytimieda----------------ra--sstdnfnyatyhsleeiydfidllvaenpklvsklqigssyegrplyvlkfstggknrpaiwidtgihsrewvtqasgvwfakkivqdcgqdpaitavldsldifleivtnpdgfaythstnrlwrktrsrtsgslcvgadpnrnwdagfgl---------------------------agassspcsetyhgksansevevksivdfvkdhgnikafisihsysqlllypygykkaavadqkel------------devaksavaaltslygtkfqygsiyttiyqasgssidwaynqgikysfsfelrdtgrngfllpasqiiptaeetwlalqti---------,0,0,0,0,0,0,0,0,,
tr|Q8UUK1|Q8UUK1_CHICK,849,----------------------------------------------------------------------------------------------------------------------------------------------------------------------------------------------------------------------------------------------------------------------------------------------------------------------------------------------------------------------------------------------------hhhhhhhhhhhhhhhhhhchchhbcbbbbcbcchhhhhhhhhhhhhchhhhhhhbchcccccbccbbbbccccchhhbhhbccccbcbbbbhbhhhhhhhhhhhhhhhh-bbbbbcbcbbbhbhhhhhhhhhhhhhhhhhcchchhhhbbcbhchchchbbbbbbbccccccbbbhbbcccbchhhhhhhhhhhhhhhhch--hhhhhhhhhhhchhbhbbbccchccbbbbbchhhhbbbhchcccbbbbbbcbbccccbcbcbb---------------------------cbcccccbbbbcbhccbccchchhbhbhhhhcccchcbhbbhhbhhbbbbccccccbbbchcchhh------------hhhhhhhhhhhhhhhcbccbcbbbbbbbbbbccbbbbbbbbcccbbbbbbbbbhhhcbbcbccccccchchhhhchhhhhhhhhhhhhbb,,185,124,110,0,0,0,33,20,17,18,2,19,26,28,12,26,40,18,8,17,20,31,29,8,19,28,----------------------------------------------------------------------------------------------------------------------------------------------------------------------------------------------------------------------------------------------------------------------------------------------------------------------------------------------------------------------------------------------------mrallllaalgavaaattenfvghqvlrivpssdaelqkvqelqelehlqldfwlsprglgnpvdirvpfpslqpvkahleangvpysimiedvqalvdleqmqmlrrr-rfvplststfdytsyhtleeiyafmdllvaenpnlvskleigrttenrpiyvlkfskggtnrpaiwidtgihsrewvtqasgiwfakkivq--eqdeglanildqmdifleivtnpdgfafthtsnrmwrktrskrsgslcvgvdpnrnwdagfgg---------------------------sgassnpcsetyhgpyansepevkaivdfvkshknikafisihsysqlllypygytttavpdkeel------------hqvakeavaalsslygtnykygsiittiyqasggtidwtynqgikysftfelrdtgrygfllpasqivptaqetwkalevimahtrghly,0,0,0,0,0,0,0,0,,
tr|A6H6Y4|A6H6Y4_BOVIN,849,----------------------------------------------------------------------------------------------------------------------------------------------------------------------------------------------------------------------------------------------------------------------------------------------------------------------------------------------------------------------------------------------------hhhhbhhhhhh-hhhhhcccchhhbhbbhhhhhhhbhhhhhhhhhhchhbbhhbcccccccchbbbbcbchcchhhhbhhhhhhcbhhbbhhbhhhhhhhhhhhhhhhhhhh--hhbhbcbbbbbhchhhhhhhhhchhhcchbhhhhhbhbbbccccbbbbbbbbccccccbbbhbbcccbchhbhhbhchhhbbhhhbcbhccchchhbhhhhhhbhbbbccchcbhbbhbbchhhbbcbchcbccbchbbcbcbhccbchcbc---------------------------ccccccccbbbbbhbhbhhbcbhhbbbhhhhbccchcbhbbhhbhhbhbbccccccbccchcchhc------------hhhhhhhhhhhhhbhcbbcbcbbbbbbbbbbccbchbbbbbcccbbbbbbbbbhhhcbbhbccchccchchchhbhhhbbbhbhhhhhhb,,185,130,104,0,0,0,29,17,13,23,2,22,24,31,11,27,39,18,6,21,15,38,28,8,21,26,----------------------------------------------------------------------------------------------------------------------------------------------------------------------------------------------------------------------------------------------------------------------------------------------------------------------------------------------------------------------------------------------------mqgllilsvll-gaalgkedfvghqvlritaadeaevqtvkeledlehlqldfwrgpgqpgspidvrvpfpslqavkvfleahgiryrimiedvqslldeeqeqmfasqsra--rstntfnyatyhtldeiydfmdllvaehpqlvsklqigrsyegrpiyvlkfstggsnrpaiwidlgihsrewitqatgvwfakkftedygqdpsftaildsmdifleivtnpdgfafthsqnrlwrktrsvtssslcvgvdanrnwdagfgk---------------------------agassspcsetyhgkyansevevksivdfvkdhgnfkaflsihsysqlllypygyttqsipdktel------------nqvaksavaalkslygtsykygsiittiyqasggsidwsynqgikysftfelrdtgrygfllpasqiiptaqetwlgvltimehtvnnly,0,0,0,0,0,0,0,0,,
tr|A0A091M9V1|A0A091M9V1_CARIC,849,-------------------------------------------------------------------------------------------------------------------------------------------------------------------------------------------------------------------------------------------------------------------------------------------------------------------------------------------------------------------------------------------------------------------------------bbcbcchhhhhhhhhhhhhhhhhhhhhbcbcccccbbcbbcbccccchhhhhhbhcccbbbbbbbbcchc----------hc-bbbbccbbccbhbbhhchhhhhbhhhbhchcchchhhhbbcbhchchchbbbbbbbccccccccbhbbcccbchbbhhbhhhhhhhhhbbbhhchhchhhhhhhhhhbhbbbccccccbbbbbhchhbhbchcbccccbbbbbccbcccbbcbcbb---------------------------cccccccbbbbcbhccbccchchhbbbhbhhhcccccbbbbhhbhhbbbbccccccbbbcbcchhh------------hhhhhhhhhhhhhhhcbccbcbbbbbbbbbbccbbbbbbbbcccbbbbbbbbbhhhchhhbccccccchchhhhbhhhhhhhhhhhhhhh,,141,127,116,0,0,0,24,18,20,21,2,17,21,28,10,25,36,17,6,15,20,28,25,8,20,23,-------------------------------------------------------------------------------------------------------------------------------------------------------------------------------------------------------------------------------------------------------------------------------------------------------------------------------------------------------------------------------------------------------------------------------riiptsdeelqkvqelqdleelqldfwlaprglgypvdlrvpfpslqplkahleangvsysimiedvqgs----------gr-rrlplstntfdyatyhnldeiyafmdllvdenpnlvskleigrstenrplyvlkfsrggmnrpaiwidtgihsrewvtqasgvwfakkivldhendeglasilntmdifleivtnpdgfvftqtqnrmwrktrsvnagstcigvdpnrnwdagfgg---------------------------sgasknpcsetyhgpyansepevkaivdfvknhgnikafisihsysqlllypygytstpvpdqkel------------hqvskaavaalsslygtnykygsiittiyqasggtidwtynqgikysftfelrdtgrygfllpakqivptaqetwlalkvimqhardhly,0,0,0,0,0,0,0,0,,
